time=2026-08-27T21:51:13.498-07:00 level=INFO msg="database migrated"
time=2026-08-27T21:51:13.503-07:00 level=DEBUG msg="record mode set" component=recorder camera=00fd4ac0-764b-471d-bd27-bde4a5cc1e9d mode=continuous
time=2026-08-27T21:51:13.503-07:00 level=DEBUG msg="record mode set" component=recorder camera=658d17d0-cd36-4188-bdaf-484d0fa35806 mode=continuous
time=2026-08-27T21:51:13.503-07:00 level=DEBUG msg="record mode set" component=recorder camera=72a399dc-9953-42dd-bffb-6b9601f8609c mode=continuous
time=2026-08-27T21:51:13.503-07:00 level=DEBUG msg="record mode set" component=recorder camera=b17c49f1-d5d4-4324-af16-a0e8db7115b2 mode=continuous
time=2026-08-27T21:51:13.503-07:00 level=DEBUG msg="record mode set" component=recorder camera=dfde49ea-022e-4b7a-9ad7-acbbf5821553 mode=continuous
time=2026-08-27T21:51:13.503-07:00 level=DEBUG msg="record mode set" component=recorder camera=eac434a6-dcb7-463d-ac0c-97099fde966d mode=continuous
time=2026-08-27T21:51:13.503-07:00 level=DEBUG msg="record mode set" component=recorder camera=c3b3d81a-1f63-49f7-b7d9-e1ee37e680bb mode=continuous
time=2026-08-27T21:51:13.503-07:00 level=DEBUG msg="record mode set" component=recorder camera=8d76ebce-90bc-41bd-abf8-991c22a24df5 mode=motion
time=2026-08-27T21:51:13.503-07:00 level=DEBUG msg="record mode set" component=recorder camera=74fda5f9-d322-455d-b94b-c4566883a22f mode=continuous
time=2026-08-27T21:51:13.503-07:00 level=INFO msg="ingest started" component=ingest cameras=9
time=2026-08-27T21:51:13.505-07:00 level=INFO msg="motion detection started" component=detect engines=1
time=2026-08-27T21:51:13.505-07:00 level=DEBUG msg="detect session ended" component=detect camera=8d76ebce-90bc-41bd-abf8-991c22a24df5 err="sub-stream not live"
time=2026-08-27T21:51:13.506-07:00 level=INFO msg="ONVIF pull-point started" component=onvif-events cameras=0
time=2026-08-27T21:51:13.506-07:00 level=INFO msg="tapetum listening" addr=:8080 version=dev
time=2026-08-27T21:51:13.507-07:00 level=WARN msg="stream session ended" component=ingest camera=motion-cam camera_id=8d76ebce-90bc-41bd-abf8-991c22a24df5 sub=true err="bad status code: 404 (Not Found)"
time=2026-08-27T21:51:13.512-07:00 level=INFO msg="stream connected" component=ingest camera=motion-cam camera_id=8d76ebce-90bc-41bd-abf8-991c22a24df5 sub=false codec=h264
time=2026-08-27T21:51:13.636-07:00 level=INFO msg="stream connected" component=ingest camera="FS IPC104-5M-B" camera_id=00fd4ac0-764b-471d-bd27-bde4a5cc1e9d sub=false codec=h264
time=2026-08-27T21:51:13.642-07:00 level=INFO msg="stream connected" component=ingest camera="NONE IPC675LFW-AX4DUPKC-VG" camera_id=74fda5f9-d322-455d-b94b-c4566883a22f sub=false codec=h264
time=2026-08-27T21:51:13.771-07:00 level=INFO msg="stream connected" component=ingest camera="FS IPC201-2M-B" camera_id=b17c49f1-d5d4-4324-af16-a0e8db7115b2 sub=false codec=h264
time=2026-08-27T21:51:13.794-07:00 level=INFO msg="stream connected" component=ingest camera="FS IPC201-2M-B" camera_id=dfde49ea-022e-4b7a-9ad7-acbbf5821553 sub=false codec=h264
time=2026-08-27T21:51:13.809-07:00 level=INFO msg="stream connected" component=ingest camera="FS IPC201-2M-B" camera_id=72a399dc-9953-42dd-bffb-6b9601f8609c sub=false codec=h264
time=2026-08-27T21:51:13.814-07:00 level=INFO msg="stream connected" component=ingest camera="FS IPC201-2M-B" camera_id=eac434a6-dcb7-463d-ac0c-97099fde966d sub=false codec=h264
time=2026-08-27T21:51:13.837-07:00 level=INFO msg="stream connected" component=ingest camera="FS IPC201-2M-B" camera_id=658d17d0-cd36-4188-bdaf-484d0fa35806 sub=false codec=h264
time=2026-08-27T21:51:13.910-07:00 level=INFO msg="stream connected" component=ingest camera="FS IPC301-8M-B" camera_id=c3b3d81a-1f63-49f7-b7d9-e1ee37e680bb sub=true codec=h264
time=2026-08-27T21:51:13.928-07:00 level=INFO msg="stream connected" component=ingest camera="FS IPC301-8M-B" camera_id=c3b3d81a-1f63-49f7-b7d9-e1ee37e680bb sub=false codec=h264
time=2026-08-27T21:51:14.584-07:00 level=WARN msg="stream session ended" component=ingest camera=motion-cam camera_id=8d76ebce-90bc-41bd-abf8-991c22a24df5 sub=true err="bad status code: 404 (Not Found)"
time=2026-08-27T21:51:15.926-07:00 level=DEBUG msg=http method=GET path=/ws status=401 dur=1.829ms
time=2026-08-27T21:51:16.793-07:00 level=WARN msg="stream session ended" component=ingest camera=motion-cam camera_id=8d76ebce-90bc-41bd-abf8-991c22a24df5 sub=true err="bad status code: 404 (Not Found)"
time=2026-08-27T21:51:18.506-07:00 level=DEBUG msg="detect session ended" component=detect camera=8d76ebce-90bc-41bd-abf8-991c22a24df5 err="sub-stream not live"
time=2026-08-27T21:51:19.381-07:00 level=DEBUG msg=http method=GET path=/api/v1/cameras status=200 dur=4.94ms
time=2026-08-27T21:51:19.382-07:00 level=DEBUG msg=http method=GET path=/api/v1/cameras status=200 dur=5.239ms
time=2026-08-27T21:51:19.382-07:00 level=DEBUG msg=http method=POST path=/api/v1/streams/72a399dc-9953-42dd-bffb-6b9601f8609c/webrtc status=503 dur=5.723ms
time=2026-08-27T21:51:19.382-07:00 level=DEBUG msg=http method=POST path=/api/v1/streams/74fda5f9-d322-455d-b94b-c4566883a22f/webrtc status=503 dur=5.848ms
time=2026-08-27T21:51:19.385-07:00 level=DEBUG msg=http method=GET path=/api/v1/cameras status=200 dur=1.59ms
time=2026-08-27T21:51:19.385-07:00 level=DEBUG msg=http method=GET path=/api/v1/cameras status=200 dur=1.799ms
time=2026-08-27T21:51:19.386-07:00 level=DEBUG msg=http method=GET path=/api/v1/cameras status=200 dur=2.876ms
time=2026-08-27T21:51:19.386-07:00 level=DEBUG msg=http method=GET path=/api/v1/cameras status=200 dur=3.349ms
time=2026-08-27T21:51:19.387-07:00 level=DEBUG msg=http method=GET path=/api/v1/cameras status=200 dur=1.77ms
time=2026-08-27T21:51:19.387-07:00 level=DEBUG msg=http method=GET path=/api/v1/cameras status=200 dur=1.332ms
time=2026-08-27T21:51:19.387-07:00 level=DEBUG msg=http method=GET path=/api/v1/cameras status=200 dur=2.24ms
time=2026-08-27T21:51:19.388-07:00 level=DEBUG msg=http method=POST path=/api/v1/streams/8d76ebce-90bc-41bd-abf8-991c22a24df5/webrtc status=503 dur=1.487ms
time=2026-08-27T21:51:19.391-07:00 level=DEBUG msg=http method=GET path=/assets/CameraDetailView-CFWWNlRQ.js status=200 dur=3.666ms
time=2026-08-27T21:51:19.391-07:00 level=DEBUG msg=http method=GET path=/assets/format-C7qkblbQ.js status=200 dur=2.886ms
time=2026-08-27T21:51:19.391-07:00 level=DEBUG msg=http method=GET path=/assets/CameraStage-XwSWLFPy.js status=200 dur=1.68ms
time=2026-08-27T21:51:19.391-07:00 level=DEBUG msg=http method=GET path=/assets/CameraStage-CpoXspZH.css status=200 dur=880µs
time=2026-08-27T21:51:19.391-07:00 level=DEBUG msg=http method=GET path=/assets/CameraDetailView-DrtXVDaO.css status=200 dur=478µs
time=2026-08-27T21:51:19.394-07:00 level=DEBUG msg="peer connected" component=webrtc camera=c3b3d81a-1f63-49f7-b7d9-e1ee37e680bb stream=sub
time=2026-08-27T21:51:19.395-07:00 level=DEBUG msg=http method=POST path=/api/v1/streams/c3b3d81a-1f63-49f7-b7d9-e1ee37e680bb/webrtc status=200 dur=9.674ms
time=2026-08-27T21:51:19.395-07:00 level=DEBUG msg=http method=GET path=/ status=200 dur=460µs
time=2026-08-27T21:51:19.397-07:00 level=DEBUG msg=http method=GET path=/api/v1/cameras status=200 dur=1.754ms
time=2026-08-27T21:51:19.399-07:00 level=DEBUG msg=http method=GET path=/api/v1/cameras status=200 dur=1.809ms
time=2026-08-27T21:51:19.399-07:00 level=DEBUG msg=http method=GET path=/api/v1/cameras status=200 dur=1.605ms
time=2026-08-27T21:51:19.400-07:00 level=DEBUG msg=http method=GET path=/api/v1/cameras status=200 dur=1.112ms
time=2026-08-27T21:51:19.402-07:00 level=DEBUG msg=http method=GET path=/api/v1/cameras status=200 dur=982µs
time=2026-08-27T21:51:19.402-07:00 level=DEBUG msg=http method=GET path=/api/v1/cameras status=200 dur=1.093ms
time=2026-08-27T21:51:19.431-07:00 level=DEBUG msg=http method=GET path=/assets/index-BhyCSF6n.js status=200 dur=889µs
time=2026-08-27T21:51:19.431-07:00 level=DEBUG msg=http method=GET path=/assets/index-CY9F-nPf.css status=200 dur=456µs
time=2026-08-27T21:51:19.463-07:00 level=DEBUG msg=http method=GET path=/api/v1/cameras/00fd4ac0-764b-471d-bd27-bde4a5cc1e9d status=200 dur=2.241ms
time=2026-08-27T21:51:19.465-07:00 level=DEBUG msg=http method=GET path=/api/v1/cameras/00fd4ac0-764b-471d-bd27-bde4a5cc1e9d/stats status=200 dur=3.575ms
time=2026-08-27T21:51:19.725-07:00 level=DEBUG msg=http method=GET path=/api/v1/setup/status status=200 dur=2.757ms
time=2026-08-27T21:51:19.737-07:00 level=DEBUG msg=http method=GET path=/api/v1/auth/me status=200 dur=943µs
time=2026-08-27T21:51:19.742-07:00 level=DEBUG msg=http method=POST path=/api/v1/streams/74fda5f9-d322-455d-b94b-c4566883a22f/webrtc status=503 dur=2.521ms
time=2026-08-27T21:51:19.752-07:00 level=DEBUG msg=http method=GET path=/api/v1/cameras status=200 dur=2.128ms
time=2026-08-27T21:51:19.947-07:00 level=DEBUG msg=http method=GET path=/api/v1/streams/8d76ebce-90bc-41bd-abf8-991c22a24df5/mjpeg status=200 dur=552.134ms
time=2026-08-27T21:51:19.972-07:00 level=DEBUG msg=http method=POST path=/api/v1/streams/00fd4ac0-764b-471d-bd27-bde4a5cc1e9d/webrtc status=503 dur=1.705ms
time=2026-08-27T21:51:19.973-07:00 level=DEBUG msg=http method=POST path=/api/v1/streams/72a399dc-9953-42dd-bffb-6b9601f8609c/webrtc status=503 dur=1.157ms
time=2026-08-27T21:51:20.057-07:00 level=DEBUG msg=http method=GET path=/api/v1/streams/c3b3d81a-1f63-49f7-b7d9-e1ee37e680bb/mjpeg status=200 dur=663.612ms
time=2026-08-27T21:51:20.093-07:00 level=DEBUG msg=http method=POST path=/api/v1/streams/658d17d0-cd36-4188-bdaf-484d0fa35806/webrtc status=503 dur=1.705ms
time=2026-08-27T21:51:20.094-07:00 level=DEBUG msg=http method=POST path=/api/v1/streams/b17c49f1-d5d4-4324-af16-a0e8db7115b2/webrtc status=503 dur=1.17ms
time=2026-08-27T21:51:20.212-07:00 level=DEBUG msg=http method=POST path=/api/v1/streams/dfde49ea-022e-4b7a-9ad7-acbbf5821553/webrtc status=503 dur=2.109ms
time=2026-08-27T21:51:20.212-07:00 level=DEBUG msg=http method=POST path=/api/v1/streams/eac434a6-dcb7-463d-ac0c-97099fde966d/webrtc status=503 dur=1.958ms
time=2026-08-27T21:51:22.389-07:00 level=DEBUG msg=http method=GET path=/ws status=401 dur=546µs
time=2026-08-27T21:51:22.498-07:00 level=DEBUG msg=http method=GET path=/ws status=401 dur=668µs
time=2026-08-27T21:51:22.770-07:00 level=WARN msg="stream session ended" component=ingest camera=motion-cam camera_id=8d76ebce-90bc-41bd-abf8-991c22a24df5 sub=true err="bad status code: 404 (Not Found)"
time=2026-08-27T21:51:23.506-07:00 level=DEBUG msg="detect session ended" component=detect camera=8d76ebce-90bc-41bd-abf8-991c22a24df5 err="sub-stream not live"
time=2026-08-27T21:51:27.539-07:00 level=DEBUG msg=http method=GET path=/ws status=401 dur=2.313ms
time=2026-08-27T21:51:27.552-07:00 level=DEBUG msg=http method=GET path=/ws status=401 dur=24µs
time=2026-08-27T21:51:28.506-07:00 level=DEBUG msg="detect session ended" component=detect camera=8d76ebce-90bc-41bd-abf8-991c22a24df5 err="sub-stream not live"
time=2026-08-27T21:51:33.506-07:00 level=DEBUG msg="detect session ended" component=detect camera=8d76ebce-90bc-41bd-abf8-991c22a24df5 err="sub-stream not live"
time=2026-08-27T21:51:34.394-07:00 level=DEBUG msg="peer never connected" component=webrtc
time=2026-08-27T21:51:38.176-07:00 level=DEBUG msg=http method=GET path=/api/v1/cameras status=200 dur=1.712ms
time=2026-08-27T21:51:38.506-07:00 level=DEBUG msg="detect session ended" component=detect camera=8d76ebce-90bc-41bd-abf8-991c22a24df5 err="sub-stream not live"
time=2026-08-27T21:51:39.149-07:00 level=WARN msg="stream session ended" component=ingest camera=motion-cam camera_id=8d76ebce-90bc-41bd-abf8-991c22a24df5 sub=true err="bad status code: 404 (Not Found)"
time=2026-08-27T21:51:43.506-07:00 level=DEBUG msg="detect session ended" component=detect camera=8d76ebce-90bc-41bd-abf8-991c22a24df5 err="sub-stream not live"
time=2026-08-27T21:51:48.506-07:00 level=DEBUG msg="detect session ended" component=detect camera=8d76ebce-90bc-41bd-abf8-991c22a24df5 err="sub-stream not live"
time=2026-08-27T21:51:53.507-07:00 level=DEBUG msg="detect session ended" component=detect camera=8d76ebce-90bc-41bd-abf8-991c22a24df5 err="sub-stream not live"
time=2026-08-27T21:51:58.507-07:00 level=DEBUG msg="detect session ended" component=detect camera=8d76ebce-90bc-41bd-abf8-991c22a24df5 err="sub-stream not live"
time=2026-08-27T21:52:03.507-07:00 level=DEBUG msg="detect session ended" component=detect camera=8d76ebce-90bc-41bd-abf8-991c22a24df5 err="sub-stream not live"
time=2026-08-27T21:52:08.161-07:00 level=DEBUG msg=http method=GET path=/api/v1/cameras status=200 dur=2.391ms
time=2026-08-27T21:52:08.507-07:00 level=DEBUG msg="detect session ended" component=detect camera=8d76ebce-90bc-41bd-abf8-991c22a24df5 err="sub-stream not live"
time=2026-08-27T21:52:13.507-07:00 level=DEBUG msg="detect session ended" component=detect camera=8d76ebce-90bc-41bd-abf8-991c22a24df5 err="sub-stream not live"
time=2026-08-27T21:52:18.508-07:00 level=DEBUG msg="detect session ended" component=detect camera=8d76ebce-90bc-41bd-abf8-991c22a24df5 err="sub-stream not live"
time=2026-08-27T21:52:23.508-07:00 level=DEBUG msg="detect session ended" component=detect camera=8d76ebce-90bc-41bd-abf8-991c22a24df5 err="sub-stream not live"
time=2026-08-27T21:52:28.509-07:00 level=DEBUG msg="detect session ended" component=detect camera=8d76ebce-90bc-41bd-abf8-991c22a24df5 err="sub-stream not live"
time=2026-08-27T21:52:33.509-07:00 level=DEBUG msg="detect session ended" component=detect camera=8d76ebce-90bc-41bd-abf8-991c22a24df5 err="sub-stream not live"
time=2026-08-27T21:52:35.749-07:00 level=INFO msg="1 RTP packet lost"
time=2026-08-27T21:52:35.749-07:00 level=DEBUG msg="h264 decode err=invalid FU-A packet (non-starting)" component=ingest camera="FS IPC301-8M-B" camera_id=c3b3d81a-1f63-49f7-b7d9-e1ee37e680bb
time=2026-08-27T21:52:38.509-07:00 level=DEBUG msg="detect session ended" component=detect camera=8d76ebce-90bc-41bd-abf8-991c22a24df5 err="sub-stream not live"
time=2026-08-27T21:52:43.509-07:00 level=DEBUG msg="detect session ended" component=detect camera=8d76ebce-90bc-41bd-abf8-991c22a24df5 err="sub-stream not live"
time=2026-08-27T21:52:44.912-07:00 level=WARN msg="stream session ended" component=ingest camera=motion-cam camera_id=8d76ebce-90bc-41bd-abf8-991c22a24df5 sub=true err="bad status code: 404 (Not Found)"
time=2026-08-27T21:52:48.510-07:00 level=DEBUG msg="detect session ended" component=detect camera=8d76ebce-90bc-41bd-abf8-991c22a24df5 err="sub-stream not live"
time=2026-08-27T21:52:53.510-07:00 level=DEBUG msg="detect session ended" component=detect camera=8d76ebce-90bc-41bd-abf8-991c22a24df5 err="sub-stream not live"
time=2026-08-27T21:52:58.510-07:00 level=DEBUG msg="detect session ended" component=detect camera=8d76ebce-90bc-41bd-abf8-991c22a24df5 err="sub-stream not live"
time=2026-08-27T21:53:03.511-07:00 level=DEBUG msg="detect session ended" component=detect camera=8d76ebce-90bc-41bd-abf8-991c22a24df5 err="sub-stream not live"
time=2026-08-27T21:53:08.511-07:00 level=DEBUG msg="detect session ended" component=detect camera=8d76ebce-90bc-41bd-abf8-991c22a24df5 err="sub-stream not live"
time=2026-08-27T21:53:09.160-07:00 level=DEBUG msg=http method=GET path=/api/v1/cameras status=200 dur=1.306ms
time=2026-08-27T21:53:13.511-07:00 level=DEBUG msg="detect session ended" component=detect camera=8d76ebce-90bc-41bd-abf8-991c22a24df5 err="sub-stream not live"
time=2026-08-27T21:53:18.512-07:00 level=DEBUG msg="detect session ended" component=detect camera=8d76ebce-90bc-41bd-abf8-991c22a24df5 err="sub-stream not live"
time=2026-08-27T21:53:23.512-07:00 level=DEBUG msg="detect session ended" component=detect camera=8d76ebce-90bc-41bd-abf8-991c22a24df5 err="sub-stream not live"
time=2026-08-27T21:53:28.512-07:00 level=DEBUG msg="detect session ended" component=detect camera=8d76ebce-90bc-41bd-abf8-991c22a24df5 err="sub-stream not live"
time=2026-08-27T21:53:33.513-07:00 level=DEBUG msg="detect session ended" component=detect camera=8d76ebce-90bc-41bd-abf8-991c22a24df5 err="sub-stream not live"
time=2026-08-27T21:53:38.514-07:00 level=DEBUG msg="detect session ended" component=detect camera=8d76ebce-90bc-41bd-abf8-991c22a24df5 err="sub-stream not live"
time=2026-08-27T21:53:43.514-07:00 level=DEBUG msg="detect session ended" component=detect camera=8d76ebce-90bc-41bd-abf8-991c22a24df5 err="sub-stream not live"
time=2026-08-27T21:53:48.515-07:00 level=DEBUG msg="detect session ended" component=detect camera=8d76ebce-90bc-41bd-abf8-991c22a24df5 err="sub-stream not live"
time=2026-08-27T21:53:51.015-07:00 level=WARN msg="stream session ended" component=ingest camera=motion-cam camera_id=8d76ebce-90bc-41bd-abf8-991c22a24df5 sub=true err="bad status code: 404 (Not Found)"
time=2026-08-27T21:53:53.515-07:00 level=DEBUG msg="detect session ended" component=detect camera=8d76ebce-90bc-41bd-abf8-991c22a24df5 err="sub-stream not live"
time=2026-08-27T21:53:58.515-07:00 level=DEBUG msg="detect session ended" component=detect camera=8d76ebce-90bc-41bd-abf8-991c22a24df5 err="sub-stream not live"
time=2026-08-27T21:54:03.516-07:00 level=DEBUG msg="detect session ended" component=detect camera=8d76ebce-90bc-41bd-abf8-991c22a24df5 err="sub-stream not live"
time=2026-08-27T21:54:08.517-07:00 level=DEBUG msg="detect session ended" component=detect camera=8d76ebce-90bc-41bd-abf8-991c22a24df5 err="sub-stream not live"
time=2026-08-27T21:54:10.161-07:00 level=DEBUG msg=http method=GET path=/api/v1/cameras status=200 dur=2.014ms
time=2026-08-27T21:54:13.517-07:00 level=DEBUG msg="detect session ended" component=detect camera=8d76ebce-90bc-41bd-abf8-991c22a24df5 err="sub-stream not live"
time=2026-08-27T21:54:18.517-07:00 level=DEBUG msg="detect session ended" component=detect camera=8d76ebce-90bc-41bd-abf8-991c22a24df5 err="sub-stream not live"
time=2026-08-27T21:54:23.517-07:00 level=DEBUG msg="detect session ended" component=detect camera=8d76ebce-90bc-41bd-abf8-991c22a24df5 err="sub-stream not live"
time=2026-08-27T21:54:28.518-07:00 level=DEBUG msg="detect session ended" component=detect camera=8d76ebce-90bc-41bd-abf8-991c22a24df5 err="sub-stream not live"
time=2026-08-27T21:54:33.519-07:00 level=DEBUG msg="detect session ended" component=detect camera=8d76ebce-90bc-41bd-abf8-991c22a24df5 err="sub-stream not live"
time=2026-08-27T21:54:38.519-07:00 level=DEBUG msg="detect session ended" component=detect camera=8d76ebce-90bc-41bd-abf8-991c22a24df5 err="sub-stream not live"
time=2026-08-27T21:54:43.520-07:00 level=DEBUG msg="detect session ended" component=detect camera=8d76ebce-90bc-41bd-abf8-991c22a24df5 err="sub-stream not live"
time=2026-08-27T21:54:48.520-07:00 level=DEBUG msg="detect session ended" component=detect camera=8d76ebce-90bc-41bd-abf8-991c22a24df5 err="sub-stream not live"
time=2026-08-27T21:54:53.521-07:00 level=DEBUG msg="detect session ended" component=detect camera=8d76ebce-90bc-41bd-abf8-991c22a24df5 err="sub-stream not live"
time=2026-08-27T21:54:58.521-07:00 level=DEBUG msg="detect session ended" component=detect camera=8d76ebce-90bc-41bd-abf8-991c22a24df5 err="sub-stream not live"
time=2026-08-27T21:54:58.806-07:00 level=WARN msg="stream session ended" component=ingest camera=motion-cam camera_id=8d76ebce-90bc-41bd-abf8-991c22a24df5 sub=true err="bad status code: 404 (Not Found)"
time=2026-08-27T21:55:03.521-07:00 level=DEBUG msg="detect session ended" component=detect camera=8d76ebce-90bc-41bd-abf8-991c22a24df5 err="sub-stream not live"
time=2026-08-27T21:55:08.522-07:00 level=DEBUG msg="detect session ended" component=detect camera=8d76ebce-90bc-41bd-abf8-991c22a24df5 err="sub-stream not live"
time=2026-08-27T21:55:10.164-07:00 level=DEBUG msg=http method=GET path=/api/v1/cameras status=200 dur=5.394ms
time=2026-08-27T21:55:13.523-07:00 level=DEBUG msg="detect session ended" component=detect camera=8d76ebce-90bc-41bd-abf8-991c22a24df5 err="sub-stream not live"
time=2026-08-27T21:55:18.523-07:00 level=DEBUG msg="detect session ended" component=detect camera=8d76ebce-90bc-41bd-abf8-991c22a24df5 err="sub-stream not live"
time=2026-08-27T21:55:23.524-07:00 level=DEBUG msg="detect session ended" component=detect camera=8d76ebce-90bc-41bd-abf8-991c22a24df5 err="sub-stream not live"
time=2026-08-27T21:55:28.524-07:00 level=DEBUG msg="detect session ended" component=detect camera=8d76ebce-90bc-41bd-abf8-991c22a24df5 err="sub-stream not live"
time=2026-08-27T21:55:33.525-07:00 level=DEBUG msg="detect session ended" component=detect camera=8d76ebce-90bc-41bd-abf8-991c22a24df5 err="sub-stream not live"
time=2026-08-27T21:55:33.682-07:00 level=INFO msg="3 RTP packets lost"
time=2026-08-27T21:55:38.526-07:00 level=DEBUG msg="detect session ended" component=detect camera=8d76ebce-90bc-41bd-abf8-991c22a24df5 err="sub-stream not live"
time=2026-08-27T21:55:43.526-07:00 level=DEBUG msg="detect session ended" component=detect camera=8d76ebce-90bc-41bd-abf8-991c22a24df5 err="sub-stream not live"
time=2026-08-27T21:55:48.527-07:00 level=DEBUG msg="detect session ended" component=detect camera=8d76ebce-90bc-41bd-abf8-991c22a24df5 err="sub-stream not live"
time=2026-08-27T21:55:53.528-07:00 level=DEBUG msg="detect session ended" component=detect camera=8d76ebce-90bc-41bd-abf8-991c22a24df5 err="sub-stream not live"
time=2026-08-27T21:55:58.528-07:00 level=DEBUG msg="detect session ended" component=detect camera=8d76ebce-90bc-41bd-abf8-991c22a24df5 err="sub-stream not live"
time=2026-08-27T21:56:01.507-07:00 level=WARN msg="stream session ended" component=ingest camera=motion-cam camera_id=8d76ebce-90bc-41bd-abf8-991c22a24df5 sub=true err="bad status code: 404 (Not Found)"
time=2026-08-27T21:56:03.528-07:00 level=DEBUG msg="detect session ended" component=detect camera=8d76ebce-90bc-41bd-abf8-991c22a24df5 err="sub-stream not live"
time=2026-08-27T21:56:08.529-07:00 level=DEBUG msg="detect session ended" component=detect camera=8d76ebce-90bc-41bd-abf8-991c22a24df5 err="sub-stream not live"
time=2026-08-27T21:56:10.161-07:00 level=DEBUG msg=http method=GET path=/api/v1/cameras status=200 dur=2.528ms
time=2026-08-27T21:56:13.529-07:00 level=DEBUG msg="detect session ended" component=detect camera=8d76ebce-90bc-41bd-abf8-991c22a24df5 err="sub-stream not live"
time=2026-08-27T21:56:18.529-07:00 level=DEBUG msg="detect session ended" component=detect camera=8d76ebce-90bc-41bd-abf8-991c22a24df5 err="sub-stream not live"
time=2026-08-27T21:56:23.529-07:00 level=DEBUG msg="detect session ended" component=detect camera=8d76ebce-90bc-41bd-abf8-991c22a24df5 err="sub-stream not live"
time=2026-08-27T21:56:28.529-07:00 level=DEBUG msg="detect session ended" component=detect camera=8d76ebce-90bc-41bd-abf8-991c22a24df5 err="sub-stream not live"
time=2026-08-27T21:56:33.530-07:00 level=DEBUG msg="detect session ended" component=detect camera=8d76ebce-90bc-41bd-abf8-991c22a24df5 err="sub-stream not live"
time=2026-08-27T21:56:38.530-07:00 level=DEBUG msg="detect session ended" component=detect camera=8d76ebce-90bc-41bd-abf8-991c22a24df5 err="sub-stream not live"
time=2026-08-27T21:56:43.530-07:00 level=DEBUG msg="detect session ended" component=detect camera=8d76ebce-90bc-41bd-abf8-991c22a24df5 err="sub-stream not live"
time=2026-08-27T21:56:48.531-07:00 level=DEBUG msg="detect session ended" component=detect camera=8d76ebce-90bc-41bd-abf8-991c22a24df5 err="sub-stream not live"
time=2026-08-27T21:56:53.532-07:00 level=DEBUG msg="detect session ended" component=detect camera=8d76ebce-90bc-41bd-abf8-991c22a24df5 err="sub-stream not live"
time=2026-08-27T21:56:58.533-07:00 level=DEBUG msg="detect session ended" component=detect camera=8d76ebce-90bc-41bd-abf8-991c22a24df5 err="sub-stream not live"
time=2026-08-27T21:57:01.185-07:00 level=INFO msg="3 RTP packets lost"
time=2026-08-27T21:57:01.188-07:00 level=INFO msg="11 RTP packets lost"
time=2026-08-27T21:57:01.327-07:00 level=INFO msg="7 RTP packets lost"
time=2026-08-27T21:57:01.416-07:00 level=INFO msg="9 RTP packets lost"
time=2026-08-27T21:57:02.546-07:00 level=INFO msg="3 RTP packets lost"
time=2026-08-27T21:57:02.546-07:00 level=INFO msg="3 RTP packets lost"
time=2026-08-27T21:57:02.550-07:00 level=INFO msg="4 RTP packets lost"
time=2026-08-27T21:57:02.553-07:00 level=INFO msg="4 RTP packets lost"
time=2026-08-27T21:57:03.534-07:00 level=DEBUG msg="detect session ended" component=detect camera=8d76ebce-90bc-41bd-abf8-991c22a24df5 err="sub-stream not live"
time=2026-08-27T21:57:03.694-07:00 level=INFO msg="3 RTP packets lost"
time=2026-08-27T21:57:08.534-07:00 level=DEBUG msg="detect session ended" component=detect camera=8d76ebce-90bc-41bd-abf8-991c22a24df5 err="sub-stream not live"
time=2026-08-27T21:57:10.162-07:00 level=DEBUG msg=http method=GET path=/api/v1/cameras status=200 dur=1.918ms
time=2026-08-27T21:57:13.505-07:00 level=WARN msg="stream session ended" component=ingest camera=motion-cam camera_id=8d76ebce-90bc-41bd-abf8-991c22a24df5 sub=true err="bad status code: 404 (Not Found)"
time=2026-08-27T21:57:13.534-07:00 level=DEBUG msg="detect session ended" component=detect camera=8d76ebce-90bc-41bd-abf8-991c22a24df5 err="sub-stream not live"
time=2026-08-27T21:57:18.535-07:00 level=DEBUG msg="detect session ended" component=detect camera=8d76ebce-90bc-41bd-abf8-991c22a24df5 err="sub-stream not live"
time=2026-08-27T21:57:23.536-07:00 level=DEBUG msg="detect session ended" component=detect camera=8d76ebce-90bc-41bd-abf8-991c22a24df5 err="sub-stream not live"
time=2026-08-27T21:57:28.536-07:00 level=DEBUG msg="detect session ended" component=detect camera=8d76ebce-90bc-41bd-abf8-991c22a24df5 err="sub-stream not live"
time=2026-08-27T21:57:33.538-07:00 level=DEBUG msg="detect session ended" component=detect camera=8d76ebce-90bc-41bd-abf8-991c22a24df5 err="sub-stream not live"
time=2026-08-27T21:57:38.539-07:00 level=DEBUG msg="detect session ended" component=detect camera=8d76ebce-90bc-41bd-abf8-991c22a24df5 err="sub-stream not live"
time=2026-08-27T21:57:43.539-07:00 level=DEBUG msg="detect session ended" component=detect camera=8d76ebce-90bc-41bd-abf8-991c22a24df5 err="sub-stream not live"
time=2026-08-27T21:57:48.539-07:00 level=DEBUG msg="detect session ended" component=detect camera=8d76ebce-90bc-41bd-abf8-991c22a24df5 err="sub-stream not live"
time=2026-08-27T21:57:53.540-07:00 level=DEBUG msg="detect session ended" component=detect camera=8d76ebce-90bc-41bd-abf8-991c22a24df5 err="sub-stream not live"
time=2026-08-27T21:57:58.541-07:00 level=DEBUG msg="detect session ended" component=detect camera=8d76ebce-90bc-41bd-abf8-991c22a24df5 err="sub-stream not live"
time=2026-08-27T21:58:03.541-07:00 level=DEBUG msg="detect session ended" component=detect camera=8d76ebce-90bc-41bd-abf8-991c22a24df5 err="sub-stream not live"
time=2026-08-27T21:58:07.163-07:00 level=INFO msg="3 RTP packets lost"
time=2026-08-27T21:58:07.163-07:00 level=DEBUG msg="h264 decode err=invalid FU-A packet (non-starting)" component=ingest camera="FS IPC104-5M-B" camera_id=00fd4ac0-764b-471d-bd27-bde4a5cc1e9d
time=2026-08-27T21:58:07.684-07:00 level=DEBUG msg=http method=GET path=/api/v1/cameras status=200 dur=55.834ms
time=2026-08-27T21:58:08.541-07:00 level=DEBUG msg="detect session ended" component=detect camera=8d76ebce-90bc-41bd-abf8-991c22a24df5 err="sub-stream not live"
time=2026-08-27T21:58:08.743-07:00 level=INFO msg="120 RTP packets lost"
time=2026-08-27T21:58:08.748-07:00 level=INFO msg="69 RTP packets lost"
time=2026-08-27T21:58:08.971-07:00 level=INFO msg="58 RTP packets lost"
time=2026-08-27T21:58:09.280-07:00 level=INFO msg="38 RTP packets lost"
time=2026-08-27T21:58:09.302-07:00 level=INFO msg="15 RTP packets lost"
time=2026-08-27T21:58:09.361-07:00 level=INFO msg="14 RTP packets lost"
time=2026-08-27T21:58:09.405-07:00 level=INFO msg="13 RTP packets lost"
time=2026-08-27T21:58:09.738-07:00 level=INFO msg="5 RTP packets lost"
time=2026-08-27T21:58:09.760-07:00 level=INFO msg="118 RTP packets lost"
time=2026-08-27T21:58:10.202-07:00 level=INFO msg="27 RTP packets lost"
time=2026-08-27T21:58:10.355-07:00 level=INFO msg="5 RTP packets lost"
time=2026-08-27T21:58:10.586-07:00 level=INFO msg="4 RTP packets lost"
time=2026-08-27T21:58:10.591-07:00 level=INFO msg="3 RTP packets lost"
time=2026-08-27T21:58:10.611-07:00 level=INFO msg="2 RTP packets lost"
time=2026-08-27T21:58:10.655-07:00 level=INFO msg="2 RTP packets lost"
time=2026-08-27T21:58:11.296-07:00 level=INFO msg="2 RTP packets lost"
time=2026-08-27T21:58:11.755-07:00 level=INFO msg="4 RTP packets lost"
time=2026-08-27T21:58:13.542-07:00 level=DEBUG msg="detect session ended" component=detect camera=8d76ebce-90bc-41bd-abf8-991c22a24df5 err="sub-stream not live"
time=2026-08-27T21:58:18.582-07:00 level=DEBUG msg="detect session ended" component=detect camera=8d76ebce-90bc-41bd-abf8-991c22a24df5 err="sub-stream not live"
time=2026-08-27T21:58:21.869-07:00 level=WARN msg="stream session ended" component=ingest camera=motion-cam camera_id=8d76ebce-90bc-41bd-abf8-991c22a24df5 sub=true err="bad status code: 404 (Not Found)"
time=2026-08-27T21:58:23.583-07:00 level=DEBUG msg="detect session ended" component=detect camera=8d76ebce-90bc-41bd-abf8-991c22a24df5 err="sub-stream not live"
time=2026-08-27T21:58:27.565-07:00 level=INFO msg="1 RTP packet lost"
time=2026-08-27T21:58:27.565-07:00 level=DEBUG msg="h264 decode err=invalid FU-A packet (non-starting)" component=ingest camera="NONE IPC675LFW-AX4DUPKC-VG" camera_id=74fda5f9-d322-455d-b94b-c4566883a22f
time=2026-08-27T21:58:28.584-07:00 level=DEBUG msg="detect session ended" component=detect camera=8d76ebce-90bc-41bd-abf8-991c22a24df5 err="sub-stream not live"
time=2026-08-27T21:58:28.619-07:00 level=INFO msg="1 RTP packet lost"
time=2026-08-27T21:58:28.689-07:00 level=INFO msg="1 RTP packet lost"
time=2026-08-27T21:58:28.734-07:00 level=INFO msg="1 RTP packet lost"
time=2026-08-27T21:58:28.734-07:00 level=DEBUG msg="h264 decode err=invalid FU-A packet (non-starting)" component=ingest camera="FS IPC104-5M-B" camera_id=00fd4ac0-764b-471d-bd27-bde4a5cc1e9d
time=2026-08-27T21:58:29.665-07:00 level=INFO msg="1 RTP packet lost"
time=2026-08-27T21:58:30.134-07:00 level=INFO msg="1 RTP packet lost"
time=2026-08-27T21:58:30.134-07:00 level=DEBUG msg="h264 decode err=discarding frame since a RTP packet is missing" component=ingest camera="NONE IPC675LFW-AX4DUPKC-VG" camera_id=74fda5f9-d322-455d-b94b-c4566883a22f
time=2026-08-27T21:58:30.134-07:00 level=DEBUG msg="h264 decode err=invalid FU-A packet (non-starting)" component=ingest camera="NONE IPC675LFW-AX4DUPKC-VG" camera_id=74fda5f9-d322-455d-b94b-c4566883a22f
time=2026-08-27T21:58:31.807-07:00 level=INFO msg="1 RTP packet lost"
time=2026-08-27T21:58:31.807-07:00 level=DEBUG msg="h264 decode err=invalid FU-A packet (non-starting)" component=ingest camera="FS IPC104-5M-B" camera_id=00fd4ac0-764b-471d-bd27-bde4a5cc1e9d
time=2026-08-27T21:58:33.237-07:00 level=INFO msg="1 RTP packet lost"
time=2026-08-27T21:58:33.444-07:00 level=INFO msg="1 RTP packet lost"
time=2026-08-27T21:58:33.444-07:00 level=DEBUG msg="h264 decode err=invalid FU-A packet (non-starting)" component=ingest camera="FS IPC104-5M-B" camera_id=00fd4ac0-764b-471d-bd27-bde4a5cc1e9d
time=2026-08-27T21:58:33.585-07:00 level=DEBUG msg="detect session ended" component=detect camera=8d76ebce-90bc-41bd-abf8-991c22a24df5 err="sub-stream not live"
time=2026-08-27T21:58:34.099-07:00 level=INFO msg="2 RTP packets lost"
time=2026-08-27T21:58:34.099-07:00 level=DEBUG msg="h264 decode err=invalid FU-A packet (non-starting)" component=ingest camera="FS IPC301-8M-B" camera_id=c3b3d81a-1f63-49f7-b7d9-e1ee37e680bb
time=2026-08-27T21:58:34.628-07:00 level=INFO msg="1 RTP packet lost"
time=2026-08-27T21:58:34.654-07:00 level=INFO msg="1 RTP packet lost"
time=2026-08-27T21:58:35.922-07:00 level=INFO msg="2 RTP packets lost"
time=2026-08-27T21:58:37.763-07:00 level=DEBUG msg=http method=GET path=/api/v1/cameras status=200 dur=2.287ms
time=2026-08-27T21:58:38.497-07:00 level=INFO msg="1 RTP packet lost"
time=2026-08-27T21:58:38.497-07:00 level=DEBUG msg="h264 decode err=invalid FU-A packet (non-starting)" component=ingest camera="FS IPC301-8M-B" camera_id=c3b3d81a-1f63-49f7-b7d9-e1ee37e680bb
time=2026-08-27T21:58:38.585-07:00 level=DEBUG msg="detect session ended" component=detect camera=8d76ebce-90bc-41bd-abf8-991c22a24df5 err="sub-stream not live"
time=2026-08-27T21:58:38.709-07:00 level=INFO msg="1 RTP packet lost"
time=2026-08-27T21:58:40.659-07:00 level=INFO msg="3 RTP packets lost"
time=2026-08-27T21:58:40.659-07:00 level=DEBUG msg="h264 decode err=invalid FU-A packet (non-starting)" component=ingest camera="FS IPC201-2M-B" camera_id=72a399dc-9953-42dd-bffb-6b9601f8609c
time=2026-08-27T21:58:42.494-07:00 level=INFO msg="1 RTP packet lost"
time=2026-08-27T21:58:42.494-07:00 level=DEBUG msg="h264 decode err=invalid FU-A packet (non-starting)" component=ingest camera="NONE IPC675LFW-AX4DUPKC-VG" camera_id=74fda5f9-d322-455d-b94b-c4566883a22f
time=2026-08-27T21:58:43.585-07:00 level=DEBUG msg="detect session ended" component=detect camera=8d76ebce-90bc-41bd-abf8-991c22a24df5 err="sub-stream not live"
time=2026-08-27T21:58:44.431-07:00 level=INFO msg="3 RTP packets lost"
time=2026-08-27T21:58:44.431-07:00 level=DEBUG msg="h264 decode err=invalid FU-A packet (non-starting)" component=ingest camera="FS IPC301-8M-B" camera_id=c3b3d81a-1f63-49f7-b7d9-e1ee37e680bb
time=2026-08-27T21:58:45.806-07:00 level=INFO msg="1 RTP packet lost"
time=2026-08-27T21:58:45.806-07:00 level=DEBUG msg="h264 decode err=invalid FU-A packet (non-starting)" component=ingest camera="FS IPC104-5M-B" camera_id=00fd4ac0-764b-471d-bd27-bde4a5cc1e9d
time=2026-08-27T21:58:46.367-07:00 level=INFO msg="1 RTP packet lost"
time=2026-08-27T21:58:46.676-07:00 level=INFO msg="1 RTP packet lost"
time=2026-08-27T21:58:48.586-07:00 level=DEBUG msg="detect session ended" component=detect camera=8d76ebce-90bc-41bd-abf8-991c22a24df5 err="sub-stream not live"
time=2026-08-27T21:58:50.734-07:00 level=INFO msg="1 RTP packet lost"
time=2026-08-27T21:58:52.685-07:00 level=INFO msg="1 RTP packet lost"
time=2026-08-27T21:58:52.730-07:00 level=INFO msg="1 RTP packet lost"
time=2026-08-27T21:58:52.730-07:00 level=DEBUG msg="h264 decode err=discarding frame since a RTP packet is missing" component=ingest camera="FS IPC201-2M-B" camera_id=658d17d0-cd36-4188-bdaf-484d0fa35806
time=2026-08-27T21:58:53.588-07:00 level=DEBUG msg="detect session ended" component=detect camera=8d76ebce-90bc-41bd-abf8-991c22a24df5 err="sub-stream not live"
time=2026-08-27T21:58:56.530-07:00 level=INFO msg="1 RTP packet lost"
time=2026-08-27T21:58:56.530-07:00 level=DEBUG msg="h264 decode err=invalid FU-A packet (non-starting)" component=ingest camera="FS IPC104-5M-B" camera_id=00fd4ac0-764b-471d-bd27-bde4a5cc1e9d
time=2026-08-27T21:58:58.166-07:00 level=INFO msg="2 RTP packets lost"
time=2026-08-27T21:58:58.588-07:00 level=DEBUG msg="detect session ended" component=detect camera=8d76ebce-90bc-41bd-abf8-991c22a24df5 err="sub-stream not live"
time=2026-08-27T21:59:03.588-07:00 level=DEBUG msg="detect session ended" component=detect camera=8d76ebce-90bc-41bd-abf8-991c22a24df5 err="sub-stream not live"
time=2026-08-27T21:59:03.887-07:00 level=INFO msg="1 RTP packet lost"
time=2026-08-27T21:59:03.887-07:00 level=DEBUG msg="h264 decode err=invalid FU-A packet (non-starting)" component=ingest camera="FS IPC201-2M-B" camera_id=72a399dc-9953-42dd-bffb-6b9601f8609c
time=2026-08-27T21:59:07.762-07:00 level=DEBUG msg=http method=GET path=/api/v1/cameras status=200 dur=1.761ms
time=2026-08-27T21:59:08.588-07:00 level=DEBUG msg="detect session ended" component=detect camera=8d76ebce-90bc-41bd-abf8-991c22a24df5 err="sub-stream not live"
time=2026-08-27T21:59:13.166-07:00 level=INFO msg="3 RTP packets lost"
time=2026-08-27T21:59:13.167-07:00 level=DEBUG msg="h264 decode err=invalid FU-A packet (non-starting)" component=ingest camera="FS IPC104-5M-B" camera_id=00fd4ac0-764b-471d-bd27-bde4a5cc1e9d
time=2026-08-27T21:59:13.494-07:00 level=INFO msg="2 RTP packets lost"
time=2026-08-27T21:59:13.494-07:00 level=DEBUG msg="h264 decode err=invalid FU-A packet (non-starting)" component=ingest camera="NONE IPC675LFW-AX4DUPKC-VG" camera_id=74fda5f9-d322-455d-b94b-c4566883a22f
time=2026-08-27T21:59:13.588-07:00 level=DEBUG msg="detect session ended" component=detect camera=8d76ebce-90bc-41bd-abf8-991c22a24df5 err="sub-stream not live"
time=2026-08-27T21:59:16.730-07:00 level=INFO msg="1 RTP packet lost"
time=2026-08-27T21:59:17.607-07:00 level=INFO msg="1 RTP packet lost"
time=2026-08-27T21:59:17.607-07:00 level=DEBUG msg="h264 decode err=invalid FU-A packet (non-starting)" component=ingest camera="FS IPC104-5M-B" camera_id=00fd4ac0-764b-471d-bd27-bde4a5cc1e9d
time=2026-08-27T21:59:18.589-07:00 level=DEBUG msg="detect session ended" component=detect camera=8d76ebce-90bc-41bd-abf8-991c22a24df5 err="sub-stream not live"
time=2026-08-27T21:59:18.783-07:00 level=INFO msg="1 RTP packet lost"
time=2026-08-27T21:59:19.004-07:00 level=INFO msg="1 RTP packet lost"
time=2026-08-27T21:59:19.004-07:00 level=DEBUG msg="h264 decode err=invalid FU-A packet (non-starting)" component=ingest camera="NONE IPC675LFW-AX4DUPKC-VG" camera_id=74fda5f9-d322-455d-b94b-c4566883a22f
time=2026-08-27T21:59:23.590-07:00 level=DEBUG msg="detect session ended" component=detect camera=8d76ebce-90bc-41bd-abf8-991c22a24df5 err="sub-stream not live"
time=2026-08-27T21:59:24.568-07:00 level=INFO msg="1 RTP packet lost"
time=2026-08-27T21:59:24.568-07:00 level=DEBUG msg="h264 decode err=invalid FU-A packet (non-starting)" component=ingest camera="FS IPC301-8M-B" camera_id=c3b3d81a-1f63-49f7-b7d9-e1ee37e680bb
time=2026-08-27T21:59:24.721-07:00 level=INFO msg="1 RTP packet lost"
time=2026-08-27T21:59:24.765-07:00 level=INFO msg="1 RTP packet lost"
time=2026-08-27T21:59:26.260-07:00 level=INFO msg="1 RTP packet lost"
time=2026-08-27T21:59:26.430-07:00 level=INFO msg="1 RTP packet lost"
time=2026-08-27T21:59:26.728-07:00 level=INFO msg="5 RTP packets lost"
time=2026-08-27T21:59:26.728-07:00 level=DEBUG msg="h264 decode err=invalid FU-A packet (non-starting)" component=ingest camera="FS IPC201-2M-B" camera_id=72a399dc-9953-42dd-bffb-6b9601f8609c
time=2026-08-27T21:59:27.732-07:00 level=INFO msg="1 RTP packet lost"
time=2026-08-27T21:59:28.590-07:00 level=DEBUG msg="detect session ended" component=detect camera=8d76ebce-90bc-41bd-abf8-991c22a24df5 err="sub-stream not live"
time=2026-08-27T21:59:29.329-07:00 level=INFO msg="1 RTP packet lost"
time=2026-08-27T21:59:29.329-07:00 level=DEBUG msg="h264 decode err=invalid FU-A packet (non-starting)" component=ingest camera="FS IPC301-8M-B" camera_id=c3b3d81a-1f63-49f7-b7d9-e1ee37e680bb
time=2026-08-27T21:59:33.122-07:00 level=WARN msg="stream session ended" component=ingest camera=motion-cam camera_id=8d76ebce-90bc-41bd-abf8-991c22a24df5 sub=true err="bad status code: 404 (Not Found)"
time=2026-08-27T21:59:33.590-07:00 level=DEBUG msg="detect session ended" component=detect camera=8d76ebce-90bc-41bd-abf8-991c22a24df5 err="sub-stream not live"
time=2026-08-27T21:59:37.126-07:00 level=INFO msg="1 RTP packet lost"
time=2026-08-27T21:59:37.126-07:00 level=DEBUG msg="h264 decode err=invalid FU-A packet (non-starting)" component=ingest camera="FS IPC104-5M-B" camera_id=00fd4ac0-764b-471d-bd27-bde4a5cc1e9d
time=2026-08-27T21:59:37.762-07:00 level=DEBUG msg=http method=GET path=/api/v1/cameras status=200 dur=1.235ms
time=2026-08-27T21:59:38.591-07:00 level=DEBUG msg="detect session ended" component=detect camera=8d76ebce-90bc-41bd-abf8-991c22a24df5 err="sub-stream not live"
time=2026-08-27T21:59:40.485-07:00 level=INFO msg="1 RTP packet lost"
time=2026-08-27T21:59:40.485-07:00 level=DEBUG msg="h264 decode err=invalid FU-A packet (non-starting)" component=ingest camera="FS IPC104-5M-B" camera_id=00fd4ac0-764b-471d-bd27-bde4a5cc1e9d
time=2026-08-27T21:59:43.591-07:00 level=DEBUG msg="detect session ended" component=detect camera=8d76ebce-90bc-41bd-abf8-991c22a24df5 err="sub-stream not live"
time=2026-08-27T21:59:45.236-07:00 level=INFO msg="1 RTP packet lost"
time=2026-08-27T21:59:45.236-07:00 level=DEBUG msg="h264 decode err=invalid FU-A packet (non-starting)" component=ingest camera="FS IPC301-8M-B" camera_id=c3b3d81a-1f63-49f7-b7d9-e1ee37e680bb
time=2026-08-27T21:59:46.763-07:00 level=INFO msg="2 RTP packets lost"
time=2026-08-27T21:59:48.591-07:00 level=DEBUG msg="detect session ended" component=detect camera=8d76ebce-90bc-41bd-abf8-991c22a24df5 err="sub-stream not live"
time=2026-08-27T21:59:48.685-07:00 level=INFO msg="1 RTP packet lost"
time=2026-08-27T21:59:48.685-07:00 level=DEBUG msg="h264 decode err=invalid FU-A packet (non-starting)" component=ingest camera="FS IPC104-5M-B" camera_id=00fd4ac0-764b-471d-bd27-bde4a5cc1e9d
time=2026-08-27T21:59:50.931-07:00 level=INFO msg="1 RTP packet lost"
time=2026-08-27T21:59:50.931-07:00 level=DEBUG msg="h264 decode err=invalid FU-A packet (non-starting)" component=ingest camera="FS IPC104-5M-B" camera_id=00fd4ac0-764b-471d-bd27-bde4a5cc1e9d
time=2026-08-27T21:59:53.592-07:00 level=DEBUG msg="detect session ended" component=detect camera=8d76ebce-90bc-41bd-abf8-991c22a24df5 err="sub-stream not live"
time=2026-08-27T21:59:58.593-07:00 level=DEBUG msg="detect session ended" component=detect camera=8d76ebce-90bc-41bd-abf8-991c22a24df5 err="sub-stream not live"
time=2026-08-27T22:00:03.174-07:00 level=INFO msg="1 RTP packet lost"
time=2026-08-27T22:00:03.593-07:00 level=DEBUG msg="detect session ended" component=detect camera=8d76ebce-90bc-41bd-abf8-991c22a24df5 err="sub-stream not live"
time=2026-08-27T22:00:04.494-07:00 level=INFO msg="1 RTP packet lost"
time=2026-08-27T22:00:04.495-07:00 level=DEBUG msg="h264 decode err=invalid FU-A packet (non-starting)" component=ingest camera="NONE IPC675LFW-AX4DUPKC-VG" camera_id=74fda5f9-d322-455d-b94b-c4566883a22f
time=2026-08-27T22:00:04.516-07:00 level=INFO msg="2 RTP packets lost"
time=2026-08-27T22:00:07.763-07:00 level=DEBUG msg=http method=GET path=/api/v1/cameras status=200 dur=3.169ms
time=2026-08-27T22:00:08.593-07:00 level=DEBUG msg="detect session ended" component=detect camera=8d76ebce-90bc-41bd-abf8-991c22a24df5 err="sub-stream not live"
time=2026-08-27T22:00:13.594-07:00 level=DEBUG msg="detect session ended" component=detect camera=8d76ebce-90bc-41bd-abf8-991c22a24df5 err="sub-stream not live"
time=2026-08-27T22:00:14.809-07:00 level=INFO msg="2 RTP packets lost"
time=2026-08-27T22:00:18.594-07:00 level=DEBUG msg="detect session ended" component=detect camera=8d76ebce-90bc-41bd-abf8-991c22a24df5 err="sub-stream not live"
time=2026-08-27T22:00:20.578-07:00 level=INFO msg="2 RTP packets lost"
time=2026-08-27T22:00:23.595-07:00 level=DEBUG msg="detect session ended" component=detect camera=8d76ebce-90bc-41bd-abf8-991c22a24df5 err="sub-stream not live"
time=2026-08-27T22:00:28.595-07:00 level=DEBUG msg="detect session ended" component=detect camera=8d76ebce-90bc-41bd-abf8-991c22a24df5 err="sub-stream not live"
time=2026-08-27T22:00:33.595-07:00 level=DEBUG msg="detect session ended" component=detect camera=8d76ebce-90bc-41bd-abf8-991c22a24df5 err="sub-stream not live"
time=2026-08-27T22:00:34.575-07:00 level=WARN msg="stream session ended" component=ingest camera=motion-cam camera_id=8d76ebce-90bc-41bd-abf8-991c22a24df5 sub=true err="bad status code: 404 (Not Found)"
time=2026-08-27T22:00:36.927-07:00 level=INFO msg="1 RTP packet lost"
time=2026-08-27T22:00:36.927-07:00 level=DEBUG msg="h264 decode err=invalid FU-A packet (non-starting)" component=ingest camera="FS IPC201-2M-B" camera_id=658d17d0-cd36-4188-bdaf-484d0fa35806
time=2026-08-27T22:00:37.762-07:00 level=DEBUG msg=http method=GET path=/api/v1/cameras status=200 dur=1.465ms
time=2026-08-27T22:00:38.596-07:00 level=DEBUG msg="detect session ended" component=detect camera=8d76ebce-90bc-41bd-abf8-991c22a24df5 err="sub-stream not live"
time=2026-08-27T22:00:38.712-07:00 level=INFO msg="2 RTP packets lost"
time=2026-08-27T22:00:40.619-07:00 level=INFO msg="1 RTP packet lost"
time=2026-08-27T22:00:43.596-07:00 level=DEBUG msg="detect session ended" component=detect camera=8d76ebce-90bc-41bd-abf8-991c22a24df5 err="sub-stream not live"
time=2026-08-27T22:00:48.597-07:00 level=DEBUG msg="detect session ended" component=detect camera=8d76ebce-90bc-41bd-abf8-991c22a24df5 err="sub-stream not live"
time=2026-08-27T22:00:49.577-07:00 level=INFO msg="1 RTP packet lost"
time=2026-08-27T22:00:49.577-07:00 level=DEBUG msg="h264 decode err=invalid FU-A packet (non-starting)" component=ingest camera="FS IPC201-2M-B" camera_id=eac434a6-dcb7-463d-ac0c-97099fde966d
time=2026-08-27T22:00:52.080-07:00 level=INFO msg="2 RTP packets lost"
time=2026-08-27T22:00:53.598-07:00 level=DEBUG msg="detect session ended" component=detect camera=8d76ebce-90bc-41bd-abf8-991c22a24df5 err="sub-stream not live"
time=2026-08-27T22:00:55.095-07:00 level=INFO msg="2 RTP packets lost"
time=2026-08-27T22:00:55.095-07:00 level=DEBUG msg="h264 decode err=invalid FU-A packet (non-starting)" component=ingest camera="NONE IPC675LFW-AX4DUPKC-VG" camera_id=74fda5f9-d322-455d-b94b-c4566883a22f
time=2026-08-27T22:00:55.560-07:00 level=INFO msg="2 RTP packets lost"
time=2026-08-27T22:00:56.101-07:00 level=INFO msg="1 RTP packet lost"
time=2026-08-27T22:00:56.101-07:00 level=DEBUG msg="h264 decode err=invalid FU-A packet (non-starting)" component=ingest camera="FS IPC301-8M-B" camera_id=c3b3d81a-1f63-49f7-b7d9-e1ee37e680bb
time=2026-08-27T22:00:56.923-07:00 level=INFO msg="1 RTP packet lost"
time=2026-08-27T22:00:56.965-07:00 level=INFO msg="1 RTP packet lost"
time=2026-08-27T22:00:56.965-07:00 level=DEBUG msg="h264 decode err=discarding frame since a RTP packet is missing" component=ingest camera="FS IPC201-2M-B" camera_id=658d17d0-cd36-4188-bdaf-484d0fa35806
time=2026-08-27T22:00:56.965-07:00 level=DEBUG msg="h264 decode err=invalid FU-A packet (non-starting)" component=ingest camera="FS IPC201-2M-B" camera_id=658d17d0-cd36-4188-bdaf-484d0fa35806
time=2026-08-27T22:00:57.700-07:00 level=INFO msg="1 RTP packet lost"
time=2026-08-27T22:00:57.700-07:00 level=DEBUG msg="h264 decode err=invalid FU-A packet (non-starting)" component=ingest camera="FS IPC104-5M-B" camera_id=00fd4ac0-764b-471d-bd27-bde4a5cc1e9d
time=2026-08-27T22:00:58.598-07:00 level=DEBUG msg="detect session ended" component=detect camera=8d76ebce-90bc-41bd-abf8-991c22a24df5 err="sub-stream not live"
time=2026-08-27T22:00:58.851-07:00 level=INFO msg="2 RTP packets lost"
time=2026-08-27T22:01:00.515-07:00 level=INFO msg="2 RTP packets lost"
time=2026-08-27T22:01:00.515-07:00 level=DEBUG msg="h264 decode err=invalid FU-A packet (non-starting)" component=ingest camera="FS IPC301-8M-B" camera_id=c3b3d81a-1f63-49f7-b7d9-e1ee37e680bb
time=2026-08-27T22:01:00.935-07:00 level=INFO msg="2 RTP packets lost"
time=2026-08-27T22:01:01.674-07:00 level=INFO msg="1 RTP packet lost"
time=2026-08-27T22:01:02.931-07:00 level=INFO msg="2 RTP packets lost"
time=2026-08-27T22:01:03.599-07:00 level=DEBUG msg="detect session ended" component=detect camera=8d76ebce-90bc-41bd-abf8-991c22a24df5 err="sub-stream not live"
time=2026-08-27T22:01:06.933-07:00 level=INFO msg="1 RTP packet lost"
time=2026-08-27T22:01:06.936-07:00 level=INFO msg="2 RTP packets lost"
time=2026-08-27T22:01:07.669-07:00 level=INFO msg="1 RTP packet lost"
time=2026-08-27T22:01:07.762-07:00 level=DEBUG msg=http method=GET path=/api/v1/cameras status=200 dur=1.486ms
time=2026-08-27T22:01:08.517-07:00 level=INFO msg="1 RTP packet lost"
time=2026-08-27T22:01:08.517-07:00 level=DEBUG msg="h264 decode err=invalid FU-A packet (non-starting)" component=ingest camera="NONE IPC675LFW-AX4DUPKC-VG" camera_id=74fda5f9-d322-455d-b94b-c4566883a22f
time=2026-08-27T22:01:08.600-07:00 level=DEBUG msg="detect session ended" component=detect camera=8d76ebce-90bc-41bd-abf8-991c22a24df5 err="sub-stream not live"
time=2026-08-27T22:01:08.948-07:00 level=INFO msg="1 RTP packet lost"
time=2026-08-27T22:01:10.707-07:00 level=INFO msg="2 RTP packets lost"
time=2026-08-27T22:01:12.596-07:00 level=INFO msg="1 RTP packet lost"
time=2026-08-27T22:01:12.596-07:00 level=DEBUG msg="h264 decode err=invalid FU-A packet (non-starting)" component=ingest camera="NONE IPC675LFW-AX4DUPKC-VG" camera_id=74fda5f9-d322-455d-b94b-c4566883a22f
time=2026-08-27T22:01:12.949-07:00 level=INFO msg="2 RTP packets lost"
time=2026-08-27T22:01:13.601-07:00 level=DEBUG msg="detect session ended" component=detect camera=8d76ebce-90bc-41bd-abf8-991c22a24df5 err="sub-stream not live"
time=2026-08-27T22:01:18.601-07:00 level=DEBUG msg="detect session ended" component=detect camera=8d76ebce-90bc-41bd-abf8-991c22a24df5 err="sub-stream not live"
time=2026-08-27T22:01:19.209-07:00 level=INFO msg="1 RTP packet lost"
time=2026-08-27T22:01:19.209-07:00 level=DEBUG msg="h264 decode err=invalid FU-A packet (non-starting)" component=ingest camera="FS IPC104-5M-B" camera_id=00fd4ac0-764b-471d-bd27-bde4a5cc1e9d
time=2026-08-27T22:01:21.570-07:00 level=INFO msg="1 RTP packet lost"
time=2026-08-27T22:01:21.570-07:00 level=DEBUG msg="h264 decode err=invalid FU-A packet (non-starting)" component=ingest camera="FS IPC104-5M-B" camera_id=00fd4ac0-764b-471d-bd27-bde4a5cc1e9d
time=2026-08-27T22:01:22.967-07:00 level=INFO msg="1 RTP packet lost"
time=2026-08-27T22:01:23.601-07:00 level=DEBUG msg="detect session ended" component=detect camera=8d76ebce-90bc-41bd-abf8-991c22a24df5 err="sub-stream not live"
time=2026-08-27T22:01:24.210-07:00 level=INFO msg="1 RTP packet lost"
time=2026-08-27T22:01:24.210-07:00 level=DEBUG msg="h264 decode err=invalid FU-A packet (non-starting)" component=ingest camera="FS IPC104-5M-B" camera_id=00fd4ac0-764b-471d-bd27-bde4a5cc1e9d
time=2026-08-27T22:01:25.007-07:00 level=INFO msg="1 RTP packet lost"
time=2026-08-27T22:01:27.097-07:00 level=INFO msg="1 RTP packet lost"
time=2026-08-27T22:01:27.379-07:00 level=INFO msg="1 RTP packet lost"
time=2026-08-27T22:01:27.379-07:00 level=DEBUG msg="h264 decode err=invalid FU-A packet (non-starting)" component=ingest camera="FS IPC301-8M-B" camera_id=c3b3d81a-1f63-49f7-b7d9-e1ee37e680bb
time=2026-08-27T22:01:28.601-07:00 level=DEBUG msg="detect session ended" component=detect camera=8d76ebce-90bc-41bd-abf8-991c22a24df5 err="sub-stream not live"
time=2026-08-27T22:01:28.982-07:00 level=INFO msg="2 RTP packets lost"
time=2026-08-27T22:01:29.191-07:00 level=INFO msg="1 RTP packet lost"
time=2026-08-27T22:01:29.191-07:00 level=DEBUG msg="h264 decode err=invalid FU-A packet (non-starting)" component=ingest camera="FS IPC301-8M-B" camera_id=c3b3d81a-1f63-49f7-b7d9-e1ee37e680bb
time=2026-08-27T22:01:31.631-07:00 level=INFO msg="1 RTP packet lost"
time=2026-08-27T22:01:31.631-07:00 level=DEBUG msg="h264 decode err=invalid FU-A packet (non-starting)" component=ingest camera="FS IPC301-8M-B" camera_id=c3b3d81a-1f63-49f7-b7d9-e1ee37e680bb
time=2026-08-27T22:01:33.601-07:00 level=DEBUG msg="detect session ended" component=detect camera=8d76ebce-90bc-41bd-abf8-991c22a24df5 err="sub-stream not live"
time=2026-08-27T22:01:37.036-07:00 level=INFO msg="1 RTP packet lost"
time=2026-08-27T22:01:37.193-07:00 level=INFO msg="2 RTP packets lost"
time=2026-08-27T22:01:37.762-07:00 level=DEBUG msg=http method=GET path=/api/v1/cameras status=200 dur=1.419ms
time=2026-08-27T22:01:38.602-07:00 level=DEBUG msg="detect session ended" component=detect camera=8d76ebce-90bc-41bd-abf8-991c22a24df5 err="sub-stream not live"
time=2026-08-27T22:01:39.001-07:00 level=INFO msg="1 RTP packet lost"
time=2026-08-27T22:01:39.063-07:00 level=INFO msg="3 RTP packets lost"
time=2026-08-27T22:01:40.345-07:00 level=INFO msg="1 RTP packet lost"
time=2026-08-27T22:01:40.345-07:00 level=DEBUG msg="h264 decode err=invalid FU-A packet (non-starting)" component=ingest camera="FS IPC301-8M-B" camera_id=c3b3d81a-1f63-49f7-b7d9-e1ee37e680bb
time=2026-08-27T22:01:40.865-07:00 level=INFO msg="2 RTP packets lost"
time=2026-08-27T22:01:41.041-07:00 level=INFO msg="1 RTP packet lost"
time=2026-08-27T22:01:43.156-07:00 level=WARN msg="stream session ended" component=ingest camera=motion-cam camera_id=8d76ebce-90bc-41bd-abf8-991c22a24df5 sub=true err="bad status code: 404 (Not Found)"
time=2026-08-27T22:01:43.602-07:00 level=DEBUG msg="detect session ended" component=detect camera=8d76ebce-90bc-41bd-abf8-991c22a24df5 err="sub-stream not live"
time=2026-08-27T22:01:45.691-07:00 level=INFO msg="1 RTP packet lost"
time=2026-08-27T22:01:45.691-07:00 level=DEBUG msg="h264 decode err=discarding frame since a RTP packet is missing" component=ingest camera="FS IPC104-5M-B" camera_id=00fd4ac0-764b-471d-bd27-bde4a5cc1e9d
time=2026-08-27T22:01:47.566-07:00 level=INFO msg="1 RTP packet lost"
time=2026-08-27T22:01:47.566-07:00 level=DEBUG msg="h264 decode err=invalid FU-A packet (non-starting)" component=ingest camera="FS IPC104-5M-B" camera_id=00fd4ac0-764b-471d-bd27-bde4a5cc1e9d
time=2026-08-27T22:01:48.602-07:00 level=DEBUG msg="detect session ended" component=detect camera=8d76ebce-90bc-41bd-abf8-991c22a24df5 err="sub-stream not live"
time=2026-08-27T22:01:49.662-07:00 level=INFO msg="1 RTP packet lost"
time=2026-08-27T22:01:49.662-07:00 level=DEBUG msg="h264 decode err=invalid FU-A packet (non-starting)" component=ingest camera="NONE IPC675LFW-AX4DUPKC-VG" camera_id=74fda5f9-d322-455d-b94b-c4566883a22f
time=2026-08-27T22:01:53.602-07:00 level=DEBUG msg="detect session ended" component=detect camera=8d76ebce-90bc-41bd-abf8-991c22a24df5 err="sub-stream not live"
time=2026-08-27T22:01:58.603-07:00 level=DEBUG msg="detect session ended" component=detect camera=8d76ebce-90bc-41bd-abf8-991c22a24df5 err="sub-stream not live"
time=2026-08-27T22:02:01.032-07:00 level=INFO msg="2 RTP packets lost"
time=2026-08-27T22:02:03.606-07:00 level=DEBUG msg="detect session ended" component=detect camera=8d76ebce-90bc-41bd-abf8-991c22a24df5 err="sub-stream not live"
time=2026-08-27T22:02:03.964-07:00 level=INFO msg="1 RTP packet lost"
time=2026-08-27T22:02:04.958-07:00 level=INFO msg="1 RTP packet lost"
time=2026-08-27T22:02:04.958-07:00 level=DEBUG msg="h264 decode err=invalid FU-A packet (non-starting)" component=ingest camera="NONE IPC675LFW-AX4DUPKC-VG" camera_id=74fda5f9-d322-455d-b94b-c4566883a22f
time=2026-08-27T22:02:07.763-07:00 level=DEBUG msg=http method=GET path=/api/v1/cameras status=200 dur=2.062ms
time=2026-08-27T22:02:08.608-07:00 level=DEBUG msg="detect session ended" component=detect camera=8d76ebce-90bc-41bd-abf8-991c22a24df5 err="sub-stream not live"
time=2026-08-27T22:02:13.608-07:00 level=DEBUG msg="detect session ended" component=detect camera=8d76ebce-90bc-41bd-abf8-991c22a24df5 err="sub-stream not live"
time=2026-08-27T22:02:18.128-07:00 level=INFO msg="1 RTP packet lost"
time=2026-08-27T22:02:18.128-07:00 level=DEBUG msg="h264 decode err=invalid FU-A packet (non-starting)" component=ingest camera="FS IPC301-8M-B" camera_id=c3b3d81a-1f63-49f7-b7d9-e1ee37e680bb
time=2026-08-27T22:02:18.609-07:00 level=DEBUG msg="detect session ended" component=detect camera=8d76ebce-90bc-41bd-abf8-991c22a24df5 err="sub-stream not live"
time=2026-08-27T22:02:19.108-07:00 level=INFO msg="2 RTP packets lost"
time=2026-08-27T22:02:19.133-07:00 level=INFO msg="1 RTP packet lost"
time=2026-08-27T22:02:23.609-07:00 level=DEBUG msg="detect session ended" component=detect camera=8d76ebce-90bc-41bd-abf8-991c22a24df5 err="sub-stream not live"
time=2026-08-27T22:02:25.078-07:00 level=INFO msg="3 RTP packets lost"
time=2026-08-27T22:02:28.610-07:00 level=DEBUG msg="detect session ended" component=detect camera=8d76ebce-90bc-41bd-abf8-991c22a24df5 err="sub-stream not live"
time=2026-08-27T22:02:28.785-07:00 level=INFO msg="2 RTP packets lost"
time=2026-08-27T22:02:29.085-07:00 level=INFO msg="1 RTP packet lost"
time=2026-08-27T22:02:31.185-07:00 level=INFO msg="1 RTP packet lost"
time=2026-08-27T22:02:31.185-07:00 level=DEBUG msg="h264 decode err=invalid FU-A packet (non-starting)" component=ingest camera="FS IPC301-8M-B" camera_id=c3b3d81a-1f63-49f7-b7d9-e1ee37e680bb
time=2026-08-27T22:02:33.139-07:00 level=INFO msg="1 RTP packet lost"
time=2026-08-27T22:02:33.611-07:00 level=DEBUG msg="detect session ended" component=detect camera=8d76ebce-90bc-41bd-abf8-991c22a24df5 err="sub-stream not live"
time=2026-08-27T22:02:37.095-07:00 level=INFO msg="2 RTP packets lost"
time=2026-08-27T22:02:37.170-07:00 level=INFO msg="1 RTP packet lost"
time=2026-08-27T22:02:37.763-07:00 level=DEBUG msg=http method=GET path=/api/v1/cameras status=200 dur=1.638ms
time=2026-08-27T22:02:38.611-07:00 level=DEBUG msg="detect session ended" component=detect camera=8d76ebce-90bc-41bd-abf8-991c22a24df5 err="sub-stream not live"
time=2026-08-27T22:02:38.856-07:00 level=INFO msg="2 RTP packets lost"
time=2026-08-27T22:02:38.856-07:00 level=DEBUG msg="h264 decode err=discarding frame since a RTP packet is missing" component=ingest camera="FS IPC104-5M-B" camera_id=00fd4ac0-764b-471d-bd27-bde4a5cc1e9d
time=2026-08-27T22:02:38.856-07:00 level=DEBUG msg="h264 decode err=invalid FU-A packet (non-starting)" component=ingest camera="FS IPC104-5M-B" camera_id=00fd4ac0-764b-471d-bd27-bde4a5cc1e9d
time=2026-08-27T22:02:38.904-07:00 level=INFO msg="2 RTP packets lost"
time=2026-08-27T22:02:39.026-07:00 level=INFO msg="3 RTP packets lost"
time=2026-08-27T22:02:39.026-07:00 level=DEBUG msg="h264 decode err=invalid FU-A packet (non-starting)" component=ingest camera="NONE IPC675LFW-AX4DUPKC-VG" camera_id=74fda5f9-d322-455d-b94b-c4566883a22f
time=2026-08-27T22:02:39.108-07:00 level=INFO msg="2 RTP packets lost"
time=2026-08-27T22:02:41.110-07:00 level=INFO msg="2 RTP packets lost"
time=2026-08-27T22:02:41.681-07:00 level=INFO msg="1 RTP packet lost"
time=2026-08-27T22:02:41.681-07:00 level=DEBUG msg="h264 decode err=invalid FU-A packet (non-starting)" component=ingest camera="NONE IPC675LFW-AX4DUPKC-VG" camera_id=74fda5f9-d322-455d-b94b-c4566883a22f
time=2026-08-27T22:02:43.123-07:00 level=INFO msg="1 RTP packet lost"
time=2026-08-27T22:02:43.612-07:00 level=DEBUG msg="detect session ended" component=detect camera=8d76ebce-90bc-41bd-abf8-991c22a24df5 err="sub-stream not live"
time=2026-08-27T22:02:43.929-07:00 level=INFO msg="1 RTP packet lost"
time=2026-08-27T22:02:43.929-07:00 level=DEBUG msg="h264 decode err=invalid FU-A packet (non-starting)" component=ingest camera="FS IPC104-5M-B" camera_id=00fd4ac0-764b-471d-bd27-bde4a5cc1e9d
time=2026-08-27T22:02:46.543-07:00 level=INFO msg="2 RTP packets lost"
time=2026-08-27T22:02:46.609-07:00 level=INFO msg="2 RTP packets lost"
time=2026-08-27T22:02:46.609-07:00 level=DEBUG msg="h264 decode err=invalid FU-A packet (non-starting)" component=ingest camera="FS IPC301-8M-B" camera_id=c3b3d81a-1f63-49f7-b7d9-e1ee37e680bb
time=2026-08-27T22:02:46.991-07:00 level=INFO msg="2 RTP packets lost"
time=2026-08-27T22:02:47.124-07:00 level=INFO msg="1 RTP packet lost"
time=2026-08-27T22:02:48.612-07:00 level=DEBUG msg="detect session ended" component=detect camera=8d76ebce-90bc-41bd-abf8-991c22a24df5 err="sub-stream not live"
time=2026-08-27T22:02:49.627-07:00 level=WARN msg="stream session ended" component=ingest camera=motion-cam camera_id=8d76ebce-90bc-41bd-abf8-991c22a24df5 sub=true err="bad status code: 404 (Not Found)"
time=2026-08-27T22:02:51.130-07:00 level=INFO msg="2 RTP packets lost"
time=2026-08-27T22:02:53.612-07:00 level=DEBUG msg="detect session ended" component=detect camera=8d76ebce-90bc-41bd-abf8-991c22a24df5 err="sub-stream not live"
time=2026-08-27T22:02:55.168-07:00 level=INFO msg="1 RTP packet lost"
time=2026-08-27T22:02:55.168-07:00 level=DEBUG msg="h264 decode err=invalid FU-A packet (non-starting)" component=ingest camera="FS IPC104-5M-B" camera_id=00fd4ac0-764b-471d-bd27-bde4a5cc1e9d
time=2026-08-27T22:02:56.315-07:00 level=INFO msg="1 RTP packet lost"
time=2026-08-27T22:02:56.392-07:00 level=INFO msg="1 RTP packet lost"
time=2026-08-27T22:02:56.392-07:00 level=DEBUG msg="h264 decode err=invalid FU-A packet (non-starting)" component=ingest camera="NONE IPC675LFW-AX4DUPKC-VG" camera_id=74fda5f9-d322-455d-b94b-c4566883a22f
time=2026-08-27T22:02:57.145-07:00 level=INFO msg="2 RTP packets lost"
time=2026-08-27T22:02:57.150-07:00 level=INFO msg="1 RTP packet lost"
time=2026-08-27T22:02:57.177-07:00 level=INFO msg="2 RTP packets lost"
time=2026-08-27T22:02:58.613-07:00 level=DEBUG msg="detect session ended" component=detect camera=8d76ebce-90bc-41bd-abf8-991c22a24df5 err="sub-stream not live"
time=2026-08-27T22:02:58.973-07:00 level=INFO msg="1 RTP packet lost"
time=2026-08-27T22:02:58.973-07:00 level=DEBUG msg="h264 decode err=invalid FU-A packet (non-starting)" component=ingest camera="FS IPC104-5M-B" camera_id=00fd4ac0-764b-471d-bd27-bde4a5cc1e9d
time=2026-08-27T22:03:03.147-07:00 level=INFO msg="1 RTP packet lost"
time=2026-08-27T22:03:03.590-07:00 level=INFO msg="1 RTP packet lost"
time=2026-08-27T22:03:03.590-07:00 level=DEBUG msg="h264 decode err=invalid FU-A packet (non-starting)" component=ingest camera="NONE IPC675LFW-AX4DUPKC-VG" camera_id=74fda5f9-d322-455d-b94b-c4566883a22f
time=2026-08-27T22:03:03.613-07:00 level=DEBUG msg="detect session ended" component=detect camera=8d76ebce-90bc-41bd-abf8-991c22a24df5 err="sub-stream not live"
time=2026-08-27T22:03:05.019-07:00 level=INFO msg="1 RTP packet lost"
time=2026-08-27T22:03:05.019-07:00 level=DEBUG msg="h264 decode err=invalid FU-A packet (non-starting)" component=ingest camera="NONE IPC675LFW-AX4DUPKC-VG" camera_id=74fda5f9-d322-455d-b94b-c4566883a22f
time=2026-08-27T22:03:05.020-07:00 level=INFO msg="1 RTP packet lost"
time=2026-08-27T22:03:05.206-07:00 level=INFO msg="2 RTP packets lost"
time=2026-08-27T22:03:07.204-07:00 level=INFO msg="1 RTP packet lost"
time=2026-08-27T22:03:07.762-07:00 level=DEBUG msg=http method=GET path=/api/v1/cameras status=200 dur=1.513ms
time=2026-08-27T22:03:08.614-07:00 level=DEBUG msg="detect session ended" component=detect camera=8d76ebce-90bc-41bd-abf8-991c22a24df5 err="sub-stream not live"
time=2026-08-27T22:03:09.169-07:00 level=INFO msg="1 RTP packet lost"
time=2026-08-27T22:03:09.319-07:00 level=INFO msg="1 RTP packet lost"
time=2026-08-27T22:03:09.320-07:00 level=DEBUG msg="h264 decode err=invalid FU-A packet (non-starting)" component=ingest camera="FS IPC301-8M-B" camera_id=c3b3d81a-1f63-49f7-b7d9-e1ee37e680bb
time=2026-08-27T22:03:10.825-07:00 level=INFO msg="2 RTP packets lost"
time=2026-08-27T22:03:10.966-07:00 level=INFO msg="1 RTP packet lost"
time=2026-08-27T22:03:10.966-07:00 level=DEBUG msg="h264 decode err=invalid FU-A packet (non-starting)" component=ingest camera="FS IPC104-5M-B" camera_id=00fd4ac0-764b-471d-bd27-bde4a5cc1e9d
time=2026-08-27T22:03:11.189-07:00 level=INFO msg="2 RTP packets lost"
time=2026-08-27T22:03:11.220-07:00 level=INFO msg="1 RTP packet lost"
time=2026-08-27T22:03:11.726-07:00 level=INFO msg="1 RTP packet lost"
time=2026-08-27T22:03:11.726-07:00 level=DEBUG msg="h264 decode err=invalid FU-A packet (non-starting)" component=ingest camera="FS IPC301-8M-B" camera_id=c3b3d81a-1f63-49f7-b7d9-e1ee37e680bb
time=2026-08-27T22:03:12.794-07:00 level=INFO msg="1 RTP packet lost"
time=2026-08-27T22:03:13.615-07:00 level=DEBUG msg="detect session ended" component=detect camera=8d76ebce-90bc-41bd-abf8-991c22a24df5 err="sub-stream not live"
time=2026-08-27T22:03:18.615-07:00 level=DEBUG msg="detect session ended" component=detect camera=8d76ebce-90bc-41bd-abf8-991c22a24df5 err="sub-stream not live"
time=2026-08-27T22:03:23.188-07:00 level=INFO msg="2 RTP packets lost"
time=2026-08-27T22:03:23.229-07:00 level=INFO msg="1 RTP packet lost"
time=2026-08-27T22:03:23.616-07:00 level=DEBUG msg="detect session ended" component=detect camera=8d76ebce-90bc-41bd-abf8-991c22a24df5 err="sub-stream not live"
time=2026-08-27T22:03:28.617-07:00 level=DEBUG msg="detect session ended" component=detect camera=8d76ebce-90bc-41bd-abf8-991c22a24df5 err="sub-stream not live"
time=2026-08-27T22:03:29.210-07:00 level=INFO msg="1 RTP packet lost"
time=2026-08-27T22:03:32.969-07:00 level=INFO msg="2 RTP packets lost"
time=2026-08-27T22:03:33.445-07:00 level=INFO msg="1 RTP packet lost"
time=2026-08-27T22:03:33.445-07:00 level=DEBUG msg="h264 decode err=invalid FU-A packet (non-starting)" component=ingest camera="FS IPC301-8M-B" camera_id=c3b3d81a-1f63-49f7-b7d9-e1ee37e680bb
time=2026-08-27T22:03:33.619-07:00 level=DEBUG msg="detect session ended" component=detect camera=8d76ebce-90bc-41bd-abf8-991c22a24df5 err="sub-stream not live"
time=2026-08-27T22:03:33.671-07:00 level=INFO msg="1 RTP packet lost"
time=2026-08-27T22:03:33.671-07:00 level=DEBUG msg="h264 decode err=invalid FU-A packet (non-starting)" component=ingest camera="NONE IPC675LFW-AX4DUPKC-VG" camera_id=74fda5f9-d322-455d-b94b-c4566883a22f
time=2026-08-27T22:03:35.251-07:00 level=INFO msg="1 RTP packet lost"
time=2026-08-27T22:03:35.268-07:00 level=INFO msg="1 RTP packet lost"
time=2026-08-27T22:03:35.676-07:00 level=INFO msg="3 RTP packets lost"
time=2026-08-27T22:03:37.259-07:00 level=INFO msg="2 RTP packets lost"
time=2026-08-27T22:03:37.276-07:00 level=INFO msg="1 RTP packet lost"
time=2026-08-27T22:03:37.763-07:00 level=DEBUG msg=http method=GET path=/api/v1/cameras status=200 dur=1.528ms
time=2026-08-27T22:03:38.620-07:00 level=DEBUG msg="detect session ended" component=detect camera=8d76ebce-90bc-41bd-abf8-991c22a24df5 err="sub-stream not live"
time=2026-08-27T22:03:38.767-07:00 level=INFO msg="1 RTP packet lost"
time=2026-08-27T22:03:38.767-07:00 level=DEBUG msg="h264 decode err=invalid FU-A packet (non-starting)" component=ingest camera="FS IPC104-5M-B" camera_id=00fd4ac0-764b-471d-bd27-bde4a5cc1e9d
time=2026-08-27T22:03:39.256-07:00 level=INFO msg="1 RTP packet lost"
time=2026-08-27T22:03:42.666-07:00 level=INFO msg="2 RTP packets lost"
time=2026-08-27T22:03:42.666-07:00 level=DEBUG msg="h264 decode err=invalid FU-A packet (non-starting)" component=ingest camera="FS IPC301-8M-B" camera_id=c3b3d81a-1f63-49f7-b7d9-e1ee37e680bb
time=2026-08-27T22:03:43.257-07:00 level=INFO msg="1 RTP packet lost"
time=2026-08-27T22:03:43.621-07:00 level=DEBUG msg="detect session ended" component=detect camera=8d76ebce-90bc-41bd-abf8-991c22a24df5 err="sub-stream not live"
time=2026-08-27T22:03:45.236-07:00 level=INFO msg="1 RTP packet lost"
time=2026-08-27T22:03:45.281-07:00 level=INFO msg="1 RTP packet lost"
time=2026-08-27T22:03:45.690-07:00 level=INFO msg="1 RTP packet lost"
time=2026-08-27T22:03:45.690-07:00 level=DEBUG msg="h264 decode err=invalid FU-A packet (non-starting)" component=ingest camera="FS IPC104-5M-B" camera_id=00fd4ac0-764b-471d-bd27-bde4a5cc1e9d
time=2026-08-27T22:03:46.705-07:00 level=INFO msg="1 RTP packet lost"
time=2026-08-27T22:03:46.705-07:00 level=DEBUG msg="h264 decode err=invalid FU-A packet (non-starting)" component=ingest camera="FS IPC301-8M-B" camera_id=c3b3d81a-1f63-49f7-b7d9-e1ee37e680bb
time=2026-08-27T22:03:47.092-07:00 level=INFO msg="4 RTP packets lost"
time=2026-08-27T22:03:47.232-07:00 level=INFO msg="1 RTP packet lost"
time=2026-08-27T22:03:47.506-07:00 level=INFO msg="2 RTP packets lost"
time=2026-08-27T22:03:47.506-07:00 level=DEBUG msg="h264 decode err=invalid FU-A packet (non-starting)" component=ingest camera="FS IPC104-5M-B" camera_id=00fd4ac0-764b-471d-bd27-bde4a5cc1e9d
time=2026-08-27T22:03:48.622-07:00 level=DEBUG msg="detect session ended" component=detect camera=8d76ebce-90bc-41bd-abf8-991c22a24df5 err="sub-stream not live"
time=2026-08-27T22:03:50.856-07:00 level=INFO msg="1 RTP packet lost"
time=2026-08-27T22:03:50.856-07:00 level=DEBUG msg="h264 decode err=invalid FU-A packet (non-starting)" component=ingest camera="NONE IPC675LFW-AX4DUPKC-VG" camera_id=74fda5f9-d322-455d-b94b-c4566883a22f
time=2026-08-27T22:03:51.211-07:00 level=INFO msg="2 RTP packets lost"
time=2026-08-27T22:03:51.657-07:00 level=INFO msg="1 RTP packet lost"
time=2026-08-27T22:03:51.657-07:00 level=DEBUG msg="h264 decode err=invalid FU-A packet (non-starting)" component=ingest camera="FS IPC301-8M-B" camera_id=c3b3d81a-1f63-49f7-b7d9-e1ee37e680bb
time=2026-08-27T22:03:53.622-07:00 level=DEBUG msg="detect session ended" component=detect camera=8d76ebce-90bc-41bd-abf8-991c22a24df5 err="sub-stream not live"
time=2026-08-27T22:03:58.623-07:00 level=DEBUG msg="detect session ended" component=detect camera=8d76ebce-90bc-41bd-abf8-991c22a24df5 err="sub-stream not live"
time=2026-08-27T22:03:59.855-07:00 level=WARN msg="stream session ended" component=ingest camera=motion-cam camera_id=8d76ebce-90bc-41bd-abf8-991c22a24df5 sub=true err="bad status code: 404 (Not Found)"
time=2026-08-27T22:04:00.489-07:00 level=INFO msg="1 RTP packet lost"
time=2026-08-27T22:04:03.624-07:00 level=DEBUG msg="detect session ended" component=detect camera=8d76ebce-90bc-41bd-abf8-991c22a24df5 err="sub-stream not live"
time=2026-08-27T22:04:05.268-07:00 level=INFO msg="1 RTP packet lost"
time=2026-08-27T22:04:07.764-07:00 level=DEBUG msg=http method=GET path=/api/v1/cameras status=200 dur=1.69ms
time=2026-08-27T22:04:08.624-07:00 level=DEBUG msg="detect session ended" component=detect camera=8d76ebce-90bc-41bd-abf8-991c22a24df5 err="sub-stream not live"
time=2026-08-27T22:04:13.625-07:00 level=DEBUG msg="detect session ended" component=detect camera=8d76ebce-90bc-41bd-abf8-991c22a24df5 err="sub-stream not live"
time=2026-08-27T22:04:18.626-07:00 level=DEBUG msg="detect session ended" component=detect camera=8d76ebce-90bc-41bd-abf8-991c22a24df5 err="sub-stream not live"
time=2026-08-27T22:04:23.626-07:00 level=DEBUG msg="detect session ended" component=detect camera=8d76ebce-90bc-41bd-abf8-991c22a24df5 err="sub-stream not live"
time=2026-08-27T22:04:28.626-07:00 level=DEBUG msg="detect session ended" component=detect camera=8d76ebce-90bc-41bd-abf8-991c22a24df5 err="sub-stream not live"
time=2026-08-27T22:04:33.627-07:00 level=DEBUG msg="detect session ended" component=detect camera=8d76ebce-90bc-41bd-abf8-991c22a24df5 err="sub-stream not live"
time=2026-08-27T22:04:33.670-07:00 level=INFO msg="1 RTP packet lost"
time=2026-08-27T22:04:33.670-07:00 level=DEBUG msg="h264 decode err=invalid FU-A packet (non-starting)" component=ingest camera="NONE IPC675LFW-AX4DUPKC-VG" camera_id=74fda5f9-d322-455d-b94b-c4566883a22f
time=2026-08-27T22:04:34.555-07:00 level=INFO msg="1 RTP packet lost"
time=2026-08-27T22:04:36.687-07:00 level=INFO msg="1 RTP packet lost"
time=2026-08-27T22:04:36.687-07:00 level=DEBUG msg="h264 decode err=invalid FU-A packet (non-starting)" component=ingest camera="FS IPC104-5M-B" camera_id=00fd4ac0-764b-471d-bd27-bde4a5cc1e9d
time=2026-08-27T22:04:37.357-07:00 level=INFO msg="2 RTP packets lost"
time=2026-08-27T22:04:37.761-07:00 level=DEBUG msg=http method=GET path=/api/v1/cameras status=200 dur=1.166ms
time=2026-08-27T22:04:38.627-07:00 level=DEBUG msg="detect session ended" component=detect camera=8d76ebce-90bc-41bd-abf8-991c22a24df5 err="sub-stream not live"
time=2026-08-27T22:04:39.326-07:00 level=INFO msg="2 RTP packets lost"
time=2026-08-27T22:04:39.957-07:00 level=INFO msg="1 RTP packet lost"
time=2026-08-27T22:04:43.365-07:00 level=INFO msg="2 RTP packets lost"
time=2026-08-27T22:04:43.628-07:00 level=DEBUG msg="detect session ended" component=detect camera=8d76ebce-90bc-41bd-abf8-991c22a24df5 err="sub-stream not live"
time=2026-08-27T22:04:44.735-07:00 level=INFO msg="1 RTP packet lost"
time=2026-08-27T22:04:44.735-07:00 level=DEBUG msg="h264 decode err=invalid FU-A packet (non-starting)" component=ingest camera="FS IPC104-5M-B" camera_id=00fd4ac0-764b-471d-bd27-bde4a5cc1e9d
time=2026-08-27T22:04:48.628-07:00 level=DEBUG msg="detect session ended" component=detect camera=8d76ebce-90bc-41bd-abf8-991c22a24df5 err="sub-stream not live"
time=2026-08-27T22:04:53.628-07:00 level=DEBUG msg="detect session ended" component=detect camera=8d76ebce-90bc-41bd-abf8-991c22a24df5 err="sub-stream not live"
time=2026-08-27T22:04:54.687-07:00 level=INFO msg="1 RTP packet lost"
time=2026-08-27T22:04:54.687-07:00 level=DEBUG msg="h264 decode err=invalid FU-A packet (non-starting)" component=ingest camera="FS IPC104-5M-B" camera_id=00fd4ac0-764b-471d-bd27-bde4a5cc1e9d
time=2026-08-27T22:04:55.351-07:00 level=INFO msg="2 RTP packets lost"
time=2026-08-27T22:04:57.352-07:00 level=INFO msg="4 RTP packets lost"
time=2026-08-27T22:04:58.629-07:00 level=DEBUG msg="detect session ended" component=detect camera=8d76ebce-90bc-41bd-abf8-991c22a24df5 err="sub-stream not live"
time=2026-08-27T22:05:03.121-07:00 level=INFO msg="2 RTP packets lost"
time=2026-08-27T22:05:03.629-07:00 level=DEBUG msg="detect session ended" component=detect camera=8d76ebce-90bc-41bd-abf8-991c22a24df5 err="sub-stream not live"
time=2026-08-27T22:05:04.784-07:00 level=WARN msg="stream session ended" component=ingest camera=motion-cam camera_id=8d76ebce-90bc-41bd-abf8-991c22a24df5 sub=true err="bad status code: 404 (Not Found)"
time=2026-08-27T22:05:07.371-07:00 level=INFO msg="2 RTP packets lost"
time=2026-08-27T22:05:07.763-07:00 level=DEBUG msg=http method=GET path=/api/v1/cameras status=200 dur=1.795ms
time=2026-08-27T22:05:08.630-07:00 level=DEBUG msg="detect session ended" component=detect camera=8d76ebce-90bc-41bd-abf8-991c22a24df5 err="sub-stream not live"
time=2026-08-27T22:05:13.631-07:00 level=DEBUG msg="detect session ended" component=detect camera=8d76ebce-90bc-41bd-abf8-991c22a24df5 err="sub-stream not live"
time=2026-08-27T22:05:16.990-07:00 level=INFO msg="1 RTP packet lost"
time=2026-08-27T22:05:16.990-07:00 level=DEBUG msg="h264 decode err=invalid FU-A packet (non-starting)" component=ingest camera="FS IPC301-8M-B" camera_id=c3b3d81a-1f63-49f7-b7d9-e1ee37e680bb
time=2026-08-27T22:05:17.394-07:00 level=INFO msg="1 RTP packet lost"
time=2026-08-27T22:05:18.632-07:00 level=DEBUG msg="detect session ended" component=detect camera=8d76ebce-90bc-41bd-abf8-991c22a24df5 err="sub-stream not live"
time=2026-08-27T22:05:18.922-07:00 level=INFO msg="2 RTP packets lost"
time=2026-08-27T22:05:21.400-07:00 level=INFO msg="4 RTP packets lost"
time=2026-08-27T22:05:23.633-07:00 level=DEBUG msg="detect session ended" component=detect camera=8d76ebce-90bc-41bd-abf8-991c22a24df5 err="sub-stream not live"
time=2026-08-27T22:05:27.417-07:00 level=INFO msg="1 RTP packet lost"
time=2026-08-27T22:05:28.634-07:00 level=DEBUG msg="detect session ended" component=detect camera=8d76ebce-90bc-41bd-abf8-991c22a24df5 err="sub-stream not live"
time=2026-08-27T22:05:31.482-07:00 level=INFO msg="1 RTP packet lost"
time=2026-08-27T22:05:33.634-07:00 level=DEBUG msg="detect session ended" component=detect camera=8d76ebce-90bc-41bd-abf8-991c22a24df5 err="sub-stream not live"
time=2026-08-27T22:05:37.767-07:00 level=DEBUG msg=http method=GET path=/api/v1/cameras status=200 dur=3.91ms
time=2026-08-27T22:05:38.635-07:00 level=DEBUG msg="detect session ended" component=detect camera=8d76ebce-90bc-41bd-abf8-991c22a24df5 err="sub-stream not live"
time=2026-08-27T22:05:39.470-07:00 level=INFO msg="1 RTP packet lost"
time=2026-08-27T22:05:43.636-07:00 level=DEBUG msg="detect session ended" component=detect camera=8d76ebce-90bc-41bd-abf8-991c22a24df5 err="sub-stream not live"
time=2026-08-27T22:05:48.637-07:00 level=DEBUG msg="detect session ended" component=detect camera=8d76ebce-90bc-41bd-abf8-991c22a24df5 err="sub-stream not live"
time=2026-08-27T22:05:49.664-07:00 level=INFO msg="1 RTP packet lost"
time=2026-08-27T22:05:49.664-07:00 level=DEBUG msg="h264 decode err=invalid FU-A packet (non-starting)" component=ingest camera="NONE IPC675LFW-AX4DUPKC-VG" camera_id=74fda5f9-d322-455d-b94b-c4566883a22f
time=2026-08-27T22:05:53.638-07:00 level=DEBUG msg="detect session ended" component=detect camera=8d76ebce-90bc-41bd-abf8-991c22a24df5 err="sub-stream not live"
time=2026-08-27T22:05:58.638-07:00 level=DEBUG msg="detect session ended" component=detect camera=8d76ebce-90bc-41bd-abf8-991c22a24df5 err="sub-stream not live"
time=2026-08-27T22:06:01.424-07:00 level=INFO msg="1 RTP packet lost"
time=2026-08-27T22:06:01.424-07:00 level=DEBUG msg="h264 decode err=invalid FU-A packet (non-starting)" component=ingest camera="FS IPC301-8M-B" camera_id=c3b3d81a-1f63-49f7-b7d9-e1ee37e680bb
time=2026-08-27T22:06:03.474-07:00 level=INFO msg="1 RTP packet lost"
time=2026-08-27T22:06:03.638-07:00 level=DEBUG msg="detect session ended" component=detect camera=8d76ebce-90bc-41bd-abf8-991c22a24df5 err="sub-stream not live"
time=2026-08-27T22:06:07.764-07:00 level=DEBUG msg=http method=GET path=/api/v1/cameras status=200 dur=1.607ms
time=2026-08-27T22:06:08.639-07:00 level=DEBUG msg="detect session ended" component=detect camera=8d76ebce-90bc-41bd-abf8-991c22a24df5 err="sub-stream not live"
time=2026-08-27T22:06:09.245-07:00 level=WARN msg="stream session ended" component=ingest camera=motion-cam camera_id=8d76ebce-90bc-41bd-abf8-991c22a24df5 sub=true err="bad status code: 404 (Not Found)"
time=2026-08-27T22:06:11.498-07:00 level=INFO msg="1 RTP packet lost"
time=2026-08-27T22:06:11.692-07:00 level=INFO msg="1 RTP packet lost"
time=2026-08-27T22:06:11.692-07:00 level=DEBUG msg="h264 decode err=invalid FU-A packet (non-starting)" component=ingest camera="FS IPC104-5M-B" camera_id=00fd4ac0-764b-471d-bd27-bde4a5cc1e9d
time=2026-08-27T22:06:13.639-07:00 level=DEBUG msg="detect session ended" component=detect camera=8d76ebce-90bc-41bd-abf8-991c22a24df5 err="sub-stream not live"
time=2026-08-27T22:06:16.737-07:00 level=INFO msg="1 RTP packet lost"
time=2026-08-27T22:06:16.737-07:00 level=DEBUG msg="h264 decode err=invalid FU-A packet (non-starting)" component=ingest camera="FS IPC104-5M-B" camera_id=00fd4ac0-764b-471d-bd27-bde4a5cc1e9d
time=2026-08-27T22:06:18.639-07:00 level=DEBUG msg="detect session ended" component=detect camera=8d76ebce-90bc-41bd-abf8-991c22a24df5 err="sub-stream not live"
time=2026-08-27T22:06:23.639-07:00 level=DEBUG msg="detect session ended" component=detect camera=8d76ebce-90bc-41bd-abf8-991c22a24df5 err="sub-stream not live"
time=2026-08-27T22:06:28.640-07:00 level=DEBUG msg="detect session ended" component=detect camera=8d76ebce-90bc-41bd-abf8-991c22a24df5 err="sub-stream not live"
time=2026-08-27T22:06:33.641-07:00 level=DEBUG msg="detect session ended" component=detect camera=8d76ebce-90bc-41bd-abf8-991c22a24df5 err="sub-stream not live"
time=2026-08-27T22:06:37.664-07:00 level=INFO msg="1 RTP packet lost"
time=2026-08-27T22:06:37.763-07:00 level=DEBUG msg=http method=GET path=/api/v1/cameras status=200 dur=1.392ms
time=2026-08-27T22:06:38.641-07:00 level=DEBUG msg="detect session ended" component=detect camera=8d76ebce-90bc-41bd-abf8-991c22a24df5 err="sub-stream not live"
time=2026-08-27T22:06:39.466-07:00 level=INFO msg="2 RTP packets lost"
time=2026-08-27T22:06:43.642-07:00 level=DEBUG msg="detect session ended" component=detect camera=8d76ebce-90bc-41bd-abf8-991c22a24df5 err="sub-stream not live"
time=2026-08-27T22:06:48.643-07:00 level=DEBUG msg="detect session ended" component=detect camera=8d76ebce-90bc-41bd-abf8-991c22a24df5 err="sub-stream not live"
time=2026-08-27T22:06:53.643-07:00 level=DEBUG msg="detect session ended" component=detect camera=8d76ebce-90bc-41bd-abf8-991c22a24df5 err="sub-stream not live"
time=2026-08-27T22:06:58.644-07:00 level=DEBUG msg="detect session ended" component=detect camera=8d76ebce-90bc-41bd-abf8-991c22a24df5 err="sub-stream not live"
time=2026-08-27T22:07:03.645-07:00 level=DEBUG msg="detect session ended" component=detect camera=8d76ebce-90bc-41bd-abf8-991c22a24df5 err="sub-stream not live"
time=2026-08-27T22:07:07.763-07:00 level=DEBUG msg=http method=GET path=/api/v1/cameras status=200 dur=2.005ms
time=2026-08-27T22:07:08.519-07:00 level=INFO msg="1 RTP packet lost"
time=2026-08-27T22:07:08.519-07:00 level=DEBUG msg="h264 decode err=invalid FU-A packet (non-starting)" component=ingest camera="NONE IPC675LFW-AX4DUPKC-VG" camera_id=74fda5f9-d322-455d-b94b-c4566883a22f
time=2026-08-27T22:07:08.648-07:00 level=DEBUG msg="detect session ended" component=detect camera=8d76ebce-90bc-41bd-abf8-991c22a24df5 err="sub-stream not live"
time=2026-08-27T22:07:09.008-07:00 level=INFO msg="1 RTP packet lost"
time=2026-08-27T22:07:09.665-07:00 level=INFO msg="1 RTP packet lost"
time=2026-08-27T22:07:09.665-07:00 level=DEBUG msg="h264 decode err=invalid FU-A packet (non-starting)" component=ingest camera="FS IPC201-2M-B" camera_id=658d17d0-cd36-4188-bdaf-484d0fa35806
time=2026-08-27T22:07:12.140-07:00 level=WARN msg="stream session ended" component=ingest camera=motion-cam camera_id=8d76ebce-90bc-41bd-abf8-991c22a24df5 sub=true err="bad status code: 404 (Not Found)"
time=2026-08-27T22:07:12.992-07:00 level=INFO msg="1 RTP packet lost"
time=2026-08-27T22:07:12.992-07:00 level=DEBUG msg="h264 decode err=invalid FU-A packet (non-starting)" component=ingest camera="FS IPC301-8M-B" camera_id=c3b3d81a-1f63-49f7-b7d9-e1ee37e680bb
time=2026-08-27T22:07:13.131-07:00 level=INFO msg="1 RTP packet lost"
time=2026-08-27T22:07:13.132-07:00 level=DEBUG msg="h264 decode err=invalid FU-A packet (non-starting)" component=ingest camera="FS IPC104-5M-B" camera_id=00fd4ac0-764b-471d-bd27-bde4a5cc1e9d
time=2026-08-27T22:07:13.648-07:00 level=DEBUG msg="detect session ended" component=detect camera=8d76ebce-90bc-41bd-abf8-991c22a24df5 err="sub-stream not live"
time=2026-08-27T22:07:18.649-07:00 level=DEBUG msg="detect session ended" component=detect camera=8d76ebce-90bc-41bd-abf8-991c22a24df5 err="sub-stream not live"
time=2026-08-27T22:07:21.616-07:00 level=INFO msg="1 RTP packet lost"
time=2026-08-27T22:07:21.666-07:00 level=INFO msg="1 RTP packet lost"
time=2026-08-27T22:07:23.651-07:00 level=DEBUG msg="detect session ended" component=detect camera=8d76ebce-90bc-41bd-abf8-991c22a24df5 err="sub-stream not live"
time=2026-08-27T22:07:25.629-07:00 level=INFO msg="1 RTP packet lost"
time=2026-08-27T22:07:25.695-07:00 level=INFO msg="2 RTP packets lost"
time=2026-08-27T22:07:27.848-07:00 level=INFO msg="1 RTP packet lost"
time=2026-08-27T22:07:27.848-07:00 level=DEBUG msg="h264 decode err=invalid FU-A packet (non-starting)" component=ingest camera="FS IPC104-5M-B" camera_id=00fd4ac0-764b-471d-bd27-bde4a5cc1e9d
time=2026-08-27T22:07:28.651-07:00 level=DEBUG msg="detect session ended" component=detect camera=8d76ebce-90bc-41bd-abf8-991c22a24df5 err="sub-stream not live"
time=2026-08-27T22:07:33.651-07:00 level=DEBUG msg="detect session ended" component=detect camera=8d76ebce-90bc-41bd-abf8-991c22a24df5 err="sub-stream not live"
time=2026-08-27T22:07:36.803-07:00 level=INFO msg="2 RTP packets lost"
time=2026-08-27T22:07:37.764-07:00 level=DEBUG msg=http method=GET path=/api/v1/cameras status=200 dur=1.499ms
time=2026-08-27T22:07:38.653-07:00 level=DEBUG msg="detect session ended" component=detect camera=8d76ebce-90bc-41bd-abf8-991c22a24df5 err="sub-stream not live"
time=2026-08-27T22:07:43.653-07:00 level=DEBUG msg="detect session ended" component=detect camera=8d76ebce-90bc-41bd-abf8-991c22a24df5 err="sub-stream not live"
time=2026-08-27T22:07:48.654-07:00 level=DEBUG msg="detect session ended" component=detect camera=8d76ebce-90bc-41bd-abf8-991c22a24df5 err="sub-stream not live"
time=2026-08-27T22:07:53.655-07:00 level=DEBUG msg="detect session ended" component=detect camera=8d76ebce-90bc-41bd-abf8-991c22a24df5 err="sub-stream not live"
time=2026-08-27T22:07:58.658-07:00 level=DEBUG msg="detect session ended" component=detect camera=8d76ebce-90bc-41bd-abf8-991c22a24df5 err="sub-stream not live"
time=2026-08-27T22:08:03.659-07:00 level=DEBUG msg="detect session ended" component=detect camera=8d76ebce-90bc-41bd-abf8-991c22a24df5 err="sub-stream not live"
time=2026-08-27T22:08:07.765-07:00 level=DEBUG msg=http method=GET path=/api/v1/cameras status=200 dur=1.857ms
time=2026-08-27T22:08:08.664-07:00 level=DEBUG msg="detect session ended" component=detect camera=8d76ebce-90bc-41bd-abf8-991c22a24df5 err="sub-stream not live"
time=2026-08-27T22:08:13.664-07:00 level=DEBUG msg="detect session ended" component=detect camera=8d76ebce-90bc-41bd-abf8-991c22a24df5 err="sub-stream not live"
time=2026-08-27T22:08:14.928-07:00 level=WARN msg="stream session ended" component=ingest camera=motion-cam camera_id=8d76ebce-90bc-41bd-abf8-991c22a24df5 sub=true err="bad status code: 404 (Not Found)"
time=2026-08-27T22:08:18.665-07:00 level=DEBUG msg="detect session ended" component=detect camera=8d76ebce-90bc-41bd-abf8-991c22a24df5 err="sub-stream not live"
time=2026-08-27T22:08:23.665-07:00 level=DEBUG msg="detect session ended" component=detect camera=8d76ebce-90bc-41bd-abf8-991c22a24df5 err="sub-stream not live"
time=2026-08-27T22:08:28.666-07:00 level=DEBUG msg="detect session ended" component=detect camera=8d76ebce-90bc-41bd-abf8-991c22a24df5 err="sub-stream not live"
time=2026-08-27T22:08:30.210-07:00 level=INFO msg="1 RTP packet lost"
time=2026-08-27T22:08:30.210-07:00 level=DEBUG msg="h264 decode err=invalid FU-A packet (non-starting)" component=ingest camera="FS IPC104-5M-B" camera_id=00fd4ac0-764b-471d-bd27-bde4a5cc1e9d
time=2026-08-27T22:08:30.688-07:00 level=INFO msg="1 RTP packet lost"
time=2026-08-27T22:08:30.688-07:00 level=DEBUG msg="h264 decode err=invalid FU-A packet (non-starting)" component=ingest camera="NONE IPC675LFW-AX4DUPKC-VG" camera_id=74fda5f9-d322-455d-b94b-c4566883a22f
time=2026-08-27T22:08:30.719-07:00 level=INFO msg="1 RTP packet lost"
time=2026-08-27T22:08:30.719-07:00 level=DEBUG msg="h264 decode err=invalid FU-A packet (non-starting)" component=ingest camera="FS IPC301-8M-B" camera_id=c3b3d81a-1f63-49f7-b7d9-e1ee37e680bb
time=2026-08-27T22:08:33.666-07:00 level=DEBUG msg="detect session ended" component=detect camera=8d76ebce-90bc-41bd-abf8-991c22a24df5 err="sub-stream not live"
time=2026-08-27T22:08:37.767-07:00 level=DEBUG msg=http method=GET path=/api/v1/cameras status=200 dur=5.008ms
time=2026-08-27T22:08:38.666-07:00 level=DEBUG msg="detect session ended" component=detect camera=8d76ebce-90bc-41bd-abf8-991c22a24df5 err="sub-stream not live"
time=2026-08-27T22:08:39.766-07:00 level=INFO msg="1 RTP packet lost"
time=2026-08-27T22:08:43.667-07:00 level=DEBUG msg="detect session ended" component=detect camera=8d76ebce-90bc-41bd-abf8-991c22a24df5 err="sub-stream not live"
time=2026-08-27T22:08:47.774-07:00 level=INFO msg="2 RTP packets lost"
time=2026-08-27T22:08:48.667-07:00 level=DEBUG msg="detect session ended" component=detect camera=8d76ebce-90bc-41bd-abf8-991c22a24df5 err="sub-stream not live"
time=2026-08-27T22:08:48.886-07:00 level=INFO msg="1 RTP packet lost"
time=2026-08-27T22:08:48.886-07:00 level=DEBUG msg="h264 decode err=invalid FU-A packet (non-starting)" component=ingest camera="NONE IPC675LFW-AX4DUPKC-VG" camera_id=74fda5f9-d322-455d-b94b-c4566883a22f
time=2026-08-27T22:08:53.668-07:00 level=DEBUG msg="detect session ended" component=detect camera=8d76ebce-90bc-41bd-abf8-991c22a24df5 err="sub-stream not live"
time=2026-08-27T22:08:58.669-07:00 level=DEBUG msg="detect session ended" component=detect camera=8d76ebce-90bc-41bd-abf8-991c22a24df5 err="sub-stream not live"
time=2026-08-27T22:09:03.669-07:00 level=DEBUG msg="detect session ended" component=detect camera=8d76ebce-90bc-41bd-abf8-991c22a24df5 err="sub-stream not live"
time=2026-08-27T22:09:05.668-07:00 level=INFO msg="2 RTP packets lost"
time=2026-08-27T22:09:07.763-07:00 level=DEBUG msg=http method=GET path=/api/v1/cameras status=200 dur=1.474ms
time=2026-08-27T22:09:08.672-07:00 level=DEBUG msg="detect session ended" component=detect camera=8d76ebce-90bc-41bd-abf8-991c22a24df5 err="sub-stream not live"
time=2026-08-27T22:09:10.410-07:00 level=INFO msg="2 RTP packets lost"
time=2026-08-27T22:09:10.410-07:00 level=DEBUG msg="h264 decode err=invalid FU-A packet (non-starting)" component=ingest camera="FS IPC301-8M-B" camera_id=c3b3d81a-1f63-49f7-b7d9-e1ee37e680bb
time=2026-08-27T22:09:13.672-07:00 level=DEBUG msg="detect session ended" component=detect camera=8d76ebce-90bc-41bd-abf8-991c22a24df5 err="sub-stream not live"
time=2026-08-27T22:09:18.672-07:00 level=DEBUG msg="detect session ended" component=detect camera=8d76ebce-90bc-41bd-abf8-991c22a24df5 err="sub-stream not live"
time=2026-08-27T22:09:19.468-07:00 level=INFO msg="2 RTP packets lost"
time=2026-08-27T22:09:19.538-07:00 level=WARN msg="stream session ended" component=ingest camera=motion-cam camera_id=8d76ebce-90bc-41bd-abf8-991c22a24df5 sub=true err="bad status code: 404 (Not Found)"
time=2026-08-27T22:09:23.673-07:00 level=DEBUG msg="detect session ended" component=detect camera=8d76ebce-90bc-41bd-abf8-991c22a24df5 err="sub-stream not live"
time=2026-08-27T22:09:28.673-07:00 level=DEBUG msg="detect session ended" component=detect camera=8d76ebce-90bc-41bd-abf8-991c22a24df5 err="sub-stream not live"
time=2026-08-27T22:09:31.535-07:00 level=INFO msg="1 RTP packet lost"
time=2026-08-27T22:09:31.535-07:00 level=DEBUG msg="h264 decode err=invalid FU-A packet (non-starting)" component=ingest camera="FS IPC104-5M-B" camera_id=00fd4ac0-764b-471d-bd27-bde4a5cc1e9d
time=2026-08-27T22:09:33.674-07:00 level=DEBUG msg="detect session ended" component=detect camera=8d76ebce-90bc-41bd-abf8-991c22a24df5 err="sub-stream not live"
time=2026-08-27T22:09:37.763-07:00 level=DEBUG msg=http method=GET path=/api/v1/cameras status=200 dur=1.456ms
time=2026-08-27T22:09:38.674-07:00 level=DEBUG msg="detect session ended" component=detect camera=8d76ebce-90bc-41bd-abf8-991c22a24df5 err="sub-stream not live"
time=2026-08-27T22:09:43.674-07:00 level=DEBUG msg="detect session ended" component=detect camera=8d76ebce-90bc-41bd-abf8-991c22a24df5 err="sub-stream not live"
time=2026-08-27T22:09:48.679-07:00 level=DEBUG msg="detect session ended" component=detect camera=8d76ebce-90bc-41bd-abf8-991c22a24df5 err="sub-stream not live"
time=2026-08-27T22:09:53.413-07:00 level=DEBUG msg="ws accept failed" err="failed to accept WebSocket connection: request Origin \"localhost:5173\" is not authorized for Host \"localhost:8080\""
time=2026-08-27T22:09:53.413-07:00 level=DEBUG msg=http method=GET path=/ws status=403 dur=1.48ms
time=2026-08-27T22:09:53.413-07:00 level=DEBUG msg=http method=GET path=/api/v1/setup/status status=200 dur=2.141ms
time=2026-08-27T22:09:53.422-07:00 level=DEBUG msg=http method=GET path=/api/v1/auth/me status=200 dur=774µs
time=2026-08-27T22:09:53.443-07:00 level=DEBUG msg=http method=GET path=/api/v1/cameras status=200 dur=3.493ms
time=2026-08-27T22:09:53.679-07:00 level=DEBUG msg="detect session ended" component=detect camera=8d76ebce-90bc-41bd-abf8-991c22a24df5 err="sub-stream not live"
time=2026-08-27T22:09:53.722-07:00 level=DEBUG msg=http method=POST path=/api/v1/streams/00fd4ac0-764b-471d-bd27-bde4a5cc1e9d/webrtc status=503 dur=3.699ms
time=2026-08-27T22:09:53.722-07:00 level=DEBUG msg=http method=POST path=/api/v1/streams/658d17d0-cd36-4188-bdaf-484d0fa35806/webrtc status=503 dur=3.696ms
time=2026-08-27T22:09:53.854-07:00 level=DEBUG msg=http method=POST path=/api/v1/streams/b17c49f1-d5d4-4324-af16-a0e8db7115b2/webrtc status=503 dur=2.671ms
time=2026-08-27T22:09:53.858-07:00 level=DEBUG msg=http method=POST path=/api/v1/streams/dfde49ea-022e-4b7a-9ad7-acbbf5821553/webrtc status=503 dur=3.652ms
time=2026-08-27T22:09:53.983-07:00 level=DEBUG msg=http method=POST path=/api/v1/streams/eac434a6-dcb7-463d-ac0c-97099fde966d/webrtc status=503 dur=1.392ms
time=2026-08-27T22:09:53.983-07:00 level=DEBUG msg=http method=POST path=/api/v1/streams/72a399dc-9953-42dd-bffb-6b9601f8609c/webrtc status=503 dur=1.073ms
time=2026-08-27T22:09:54.580-07:00 level=DEBUG msg="ws accept failed" err="failed to accept WebSocket connection: request Origin \"localhost:5173\" is not authorized for Host \"localhost:8080\""
time=2026-08-27T22:09:54.580-07:00 level=DEBUG msg=http method=GET path=/ws status=403 dur=609µs
time=2026-08-27T22:09:56.663-07:00 level=DEBUG msg="ws accept failed" err="failed to accept WebSocket connection: request Origin \"localhost:5173\" is not authorized for Host \"localhost:8080\""
time=2026-08-27T22:09:56.663-07:00 level=DEBUG msg=http method=GET path=/ws status=403 dur=887µs
time=2026-08-27T22:09:58.680-07:00 level=DEBUG msg="detect session ended" component=detect camera=8d76ebce-90bc-41bd-abf8-991c22a24df5 err="sub-stream not live"
time=2026-08-27T22:10:00.763-07:00 level=DEBUG msg="ws accept failed" err="failed to accept WebSocket connection: request Origin \"localhost:5173\" is not authorized for Host \"localhost:8080\""
time=2026-08-27T22:10:00.763-07:00 level=DEBUG msg=http method=GET path=/ws status=403 dur=830µs
time=2026-08-27T22:10:01.625-07:00 level=DEBUG msg=http method=GET path=/api/v1/streams/658d17d0-cd36-4188-bdaf-484d0fa35806/mjpeg status=200 dur=7.888947s
time=2026-08-27T22:10:01.652-07:00 level=DEBUG msg=http method=GET path=/api/v1/streams/dfde49ea-022e-4b7a-9ad7-acbbf5821553/mjpeg status=200 dur=7.767358s
time=2026-08-27T22:10:01.678-07:00 level=DEBUG msg=http method=GET path=/api/v1/streams/00fd4ac0-764b-471d-bd27-bde4a5cc1e9d/mjpeg status=200 dur=7.946963s
time=2026-08-27T22:10:01.721-07:00 level=DEBUG msg=http method=GET path=/api/v1/streams/72a399dc-9953-42dd-bffb-6b9601f8609c/mjpeg status=200 dur=7.713909s
time=2026-08-27T22:10:01.864-07:00 level=DEBUG msg=http method=GET path=/api/v1/streams/b17c49f1-d5d4-4324-af16-a0e8db7115b2/mjpeg status=200 dur=7.980715s
time=2026-08-27T22:10:02.006-07:00 level=DEBUG msg=http method=GET path=/api/v1/streams/eac434a6-dcb7-463d-ac0c-97099fde966d/mjpeg status=200 dur=7.999266s
time=2026-08-27T22:10:03.680-07:00 level=DEBUG msg="detect session ended" component=detect camera=8d76ebce-90bc-41bd-abf8-991c22a24df5 err="sub-stream not live"
time=2026-08-27T22:10:07.766-07:00 level=DEBUG msg=http method=GET path=/api/v1/cameras status=200 dur=2.591ms
time=2026-08-27T22:10:08.680-07:00 level=DEBUG msg="detect session ended" component=detect camera=8d76ebce-90bc-41bd-abf8-991c22a24df5 err="sub-stream not live"
time=2026-08-27T22:10:08.849-07:00 level=DEBUG msg="ws accept failed" err="failed to accept WebSocket connection: request Origin \"localhost:5173\" is not authorized for Host \"localhost:8080\""
time=2026-08-27T22:10:08.849-07:00 level=DEBUG msg=http method=GET path=/ws status=403 dur=621µs
time=2026-08-27T22:10:09.578-07:00 level=DEBUG msg=http method=GET path=/api/v1/setup/status status=200 dur=1.876ms
time=2026-08-27T22:10:09.578-07:00 level=DEBUG msg="ws accept failed" err="failed to accept WebSocket connection: request Origin \"localhost:5173\" is not authorized for Host \"localhost:8080\""
time=2026-08-27T22:10:09.579-07:00 level=DEBUG msg=http method=GET path=/ws status=403 dur=1.112ms
time=2026-08-27T22:10:09.583-07:00 level=DEBUG msg=http method=GET path=/api/v1/auth/me status=200 dur=557µs
time=2026-08-27T22:10:09.596-07:00 level=DEBUG msg=http method=GET path=/api/v1/cameras status=200 dur=2.154ms
time=2026-08-27T22:10:09.794-07:00 level=DEBUG msg=http method=POST path=/api/v1/streams/658d17d0-cd36-4188-bdaf-484d0fa35806/webrtc status=503 dur=1.1ms
time=2026-08-27T22:10:09.794-07:00 level=DEBUG msg=http method=POST path=/api/v1/streams/00fd4ac0-764b-471d-bd27-bde4a5cc1e9d/webrtc status=503 dur=1.328ms
time=2026-08-27T22:10:09.916-07:00 level=DEBUG msg=http method=POST path=/api/v1/streams/b17c49f1-d5d4-4324-af16-a0e8db7115b2/webrtc status=503 dur=1.469ms
time=2026-08-27T22:10:09.916-07:00 level=DEBUG msg=http method=POST path=/api/v1/streams/dfde49ea-022e-4b7a-9ad7-acbbf5821553/webrtc status=503 dur=1.257ms
time=2026-08-27T22:10:10.039-07:00 level=DEBUG msg=http method=POST path=/api/v1/streams/eac434a6-dcb7-463d-ac0c-97099fde966d/webrtc status=503 dur=1.391ms
time=2026-08-27T22:10:10.039-07:00 level=DEBUG msg=http method=POST path=/api/v1/streams/72a399dc-9953-42dd-bffb-6b9601f8609c/webrtc status=503 dur=1.355ms
time=2026-08-27T22:10:10.696-07:00 level=DEBUG msg="ws accept failed" err="failed to accept WebSocket connection: request Origin \"localhost:5173\" is not authorized for Host \"localhost:8080\""
time=2026-08-27T22:10:10.696-07:00 level=DEBUG msg=http method=GET path=/ws status=403 dur=644µs
time=2026-08-27T22:10:12.758-07:00 level=DEBUG msg="ws accept failed" err="failed to accept WebSocket connection: request Origin \"localhost:5173\" is not authorized for Host \"localhost:8080\""
time=2026-08-27T22:10:12.758-07:00 level=DEBUG msg=http method=GET path=/ws status=403 dur=1.005ms
time=2026-08-27T22:10:13.681-07:00 level=DEBUG msg="detect session ended" component=detect camera=8d76ebce-90bc-41bd-abf8-991c22a24df5 err="sub-stream not live"
time=2026-08-27T22:10:15.667-07:00 level=INFO msg="1 RTP packet lost"
time=2026-08-27T22:10:15.667-07:00 level=DEBUG msg="h264 decode err=invalid FU-A packet (non-starting)" component=ingest camera="NONE IPC675LFW-AX4DUPKC-VG" camera_id=74fda5f9-d322-455d-b94b-c4566883a22f
time=2026-08-27T22:10:16.829-07:00 level=DEBUG msg="ws accept failed" err="failed to accept WebSocket connection: request Origin \"localhost:5173\" is not authorized for Host \"localhost:8080\""
time=2026-08-27T22:10:16.830-07:00 level=DEBUG msg=http method=GET path=/ws status=403 dur=872µs
time=2026-08-27T22:10:17.057-07:00 level=INFO msg="2 RTP packets lost"
time=2026-08-27T22:10:18.682-07:00 level=DEBUG msg="detect session ended" component=detect camera=8d76ebce-90bc-41bd-abf8-991c22a24df5 err="sub-stream not live"
time=2026-08-27T22:10:21.646-07:00 level=DEBUG msg="ws accept failed" err="failed to accept WebSocket connection: request Origin \"localhost:5173\" is not authorized for Host \"localhost:8080\""
time=2026-08-27T22:10:21.646-07:00 level=DEBUG msg=http method=GET path=/ws status=403 dur=1.81ms
time=2026-08-27T22:10:21.648-07:00 level=DEBUG msg=http method=GET path=/api/v1/setup/status status=200 dur=3.332ms
time=2026-08-27T22:10:21.675-07:00 level=DEBUG msg=http method=GET path=/api/v1/auth/me status=200 dur=600µs
time=2026-08-27T22:10:21.692-07:00 level=DEBUG msg=http method=GET path=/api/v1/cameras status=200 dur=1.609ms
time=2026-08-27T22:10:21.782-07:00 level=WARN msg="stream session ended" component=ingest camera=motion-cam camera_id=8d76ebce-90bc-41bd-abf8-991c22a24df5 sub=true err="bad status code: 404 (Not Found)"
time=2026-08-27T22:10:21.866-07:00 level=DEBUG msg=http method=POST path=/api/v1/streams/00fd4ac0-764b-471d-bd27-bde4a5cc1e9d/webrtc status=503 dur=1.286ms
time=2026-08-27T22:10:21.867-07:00 level=DEBUG msg=http method=POST path=/api/v1/streams/72a399dc-9953-42dd-bffb-6b9601f8609c/webrtc status=503 dur=1.675ms
time=2026-08-27T22:10:22.009-07:00 level=DEBUG msg=http method=POST path=/api/v1/streams/74fda5f9-d322-455d-b94b-c4566883a22f/webrtc status=503 dur=2.616ms
time=2026-08-27T22:10:22.010-07:00 level=DEBUG msg=http method=POST path=/api/v1/streams/dfde49ea-022e-4b7a-9ad7-acbbf5821553/webrtc status=503 dur=1.223ms
time=2026-08-27T22:10:22.147-07:00 level=DEBUG msg=http method=POST path=/api/v1/streams/eac434a6-dcb7-463d-ac0c-97099fde966d/webrtc status=503 dur=1.49ms
time=2026-08-27T22:10:22.147-07:00 level=DEBUG msg=http method=POST path=/api/v1/streams/8d76ebce-90bc-41bd-abf8-991c22a24df5/webrtc status=503 dur=1.41ms
time=2026-08-27T22:10:22.663-07:00 level=DEBUG msg="ws accept failed" err="failed to accept WebSocket connection: request Origin \"localhost:5173\" is not authorized for Host \"localhost:8080\""
time=2026-08-27T22:10:22.663-07:00 level=DEBUG msg=http method=GET path=/ws status=403 dur=794µs
time=2026-08-27T22:10:23.682-07:00 level=DEBUG msg="detect session ended" component=detect camera=8d76ebce-90bc-41bd-abf8-991c22a24df5 err="sub-stream not live"
time=2026-08-27T22:10:24.670-07:00 level=DEBUG msg="ws accept failed" err="failed to accept WebSocket connection: request Origin \"localhost:5173\" is not authorized for Host \"localhost:8080\""
time=2026-08-27T22:10:24.670-07:00 level=DEBUG msg=http method=GET path=/ws status=403 dur=3.102ms
time=2026-08-27T22:10:24.900-07:00 level=DEBUG msg="ws accept failed" err="failed to accept WebSocket connection: request Origin \"localhost:5173\" is not authorized for Host \"localhost:8080\""
time=2026-08-27T22:10:24.900-07:00 level=DEBUG msg=http method=GET path=/ws status=403 dur=579µs
time=2026-08-27T22:10:28.316-07:00 level=INFO msg="1 RTP packet lost"
time=2026-08-27T22:10:28.317-07:00 level=DEBUG msg="h264 decode err=invalid FU-A packet (non-starting)" component=ingest camera="FS IPC301-8M-B" camera_id=c3b3d81a-1f63-49f7-b7d9-e1ee37e680bb
time=2026-08-27T22:10:28.677-07:00 level=DEBUG msg="ws accept failed" err="failed to accept WebSocket connection: request Origin \"localhost:5173\" is not authorized for Host \"localhost:8080\""
time=2026-08-27T22:10:28.677-07:00 level=DEBUG msg=http method=GET path=/ws status=403 dur=1.698ms
time=2026-08-27T22:10:28.683-07:00 level=DEBUG msg="detect session ended" component=detect camera=8d76ebce-90bc-41bd-abf8-991c22a24df5 err="sub-stream not live"
time=2026-08-27T22:10:33.683-07:00 level=DEBUG msg="detect session ended" component=detect camera=8d76ebce-90bc-41bd-abf8-991c22a24df5 err="sub-stream not live"
time=2026-08-27T22:10:34.032-07:00 level=INFO msg="1 RTP packet lost"
time=2026-08-27T22:10:36.692-07:00 level=DEBUG msg="ws accept failed" err="failed to accept WebSocket connection: request Origin \"localhost:5173\" is not authorized for Host \"localhost:8080\""
time=2026-08-27T22:10:36.692-07:00 level=DEBUG msg=http method=GET path=/ws status=403 dur=1.135ms
time=2026-08-27T22:10:37.693-07:00 level=INFO msg="3 RTP packets lost"
time=2026-08-27T22:10:37.693-07:00 level=DEBUG msg="h264 decode err=invalid FU-A packet (non-starting)" component=ingest camera="FS IPC104-5M-B" camera_id=00fd4ac0-764b-471d-bd27-bde4a5cc1e9d
time=2026-08-27T22:10:37.763-07:00 level=DEBUG msg=http method=GET path=/api/v1/cameras status=200 dur=1.248ms
time=2026-08-27T22:10:38.683-07:00 level=DEBUG msg="detect session ended" component=detect camera=8d76ebce-90bc-41bd-abf8-991c22a24df5 err="sub-stream not live"
time=2026-08-27T22:10:40.960-07:00 level=DEBUG msg="ws accept failed" err="failed to accept WebSocket connection: request Origin \"localhost:5173\" is not authorized for Host \"localhost:8080\""
time=2026-08-27T22:10:40.960-07:00 level=DEBUG msg=http method=GET path=/ws status=403 dur=1.702ms
time=2026-08-27T22:10:43.125-07:00 level=DEBUG msg=http method=POST path=/api/v1/streams/b17c49f1-d5d4-4324-af16-a0e8db7115b2/webrtc status=503 dur=2.215ms
time=2026-08-27T22:10:43.125-07:00 level=DEBUG msg=http method=POST path=/api/v1/streams/658d17d0-cd36-4188-bdaf-484d0fa35806/webrtc status=503 dur=1.984ms
time=2026-08-27T22:10:43.197-07:00 level=DEBUG msg=http method=GET path=/api/v1/streams/00fd4ac0-764b-471d-bd27-bde4a5cc1e9d/mjpeg status=200 dur=21.326947s
time=2026-08-27T22:10:43.206-07:00 level=DEBUG msg=http method=GET path=/api/v1/streams/dfde49ea-022e-4b7a-9ad7-acbbf5821553/mjpeg status=200 dur=21.188115s
time=2026-08-27T22:10:43.247-07:00 level=DEBUG msg=http method=GET path=/api/v1/streams/74fda5f9-d322-455d-b94b-c4566883a22f/mjpeg status=200 dur=21.234049s
time=2026-08-27T22:10:43.254-07:00 level=DEBUG msg=http method=GET path=/api/v1/streams/8d76ebce-90bc-41bd-abf8-991c22a24df5/mjpeg status=200 dur=21.099065s
time=2026-08-27T22:10:43.317-07:00 level=DEBUG msg=http method=GET path=/api/v1/streams/eac434a6-dcb7-463d-ac0c-97099fde966d/mjpeg status=200 dur=21.166155s
time=2026-08-27T22:10:43.604-07:00 level=DEBUG msg=http method=GET path=/api/v1/streams/72a399dc-9953-42dd-bffb-6b9601f8609c/mjpeg status=200 dur=21.72589s
time=2026-08-27T22:10:43.626-07:00 level=DEBUG msg=http method=GET path=/api/v1/streams/b17c49f1-d5d4-4324-af16-a0e8db7115b2/mjpeg status=200 dur=501.275ms
time=2026-08-27T22:10:43.683-07:00 level=DEBUG msg="detect session ended" component=detect camera=8d76ebce-90bc-41bd-abf8-991c22a24df5 err="sub-stream not live"
time=2026-08-27T22:10:46.867-07:00 level=DEBUG msg=http method=GET path=/assets/CameraDetailView-CFWWNlRQ.js status=200 dur=785µs
time=2026-08-27T22:10:46.868-07:00 level=DEBUG msg=http method=GET path=/assets/format-C7qkblbQ.js status=200 dur=1.011ms
time=2026-08-27T22:10:46.868-07:00 level=DEBUG msg=http method=GET path=/assets/CameraStage-CpoXspZH.css status=200 dur=1.056ms
time=2026-08-27T22:10:46.868-07:00 level=DEBUG msg=http method=GET path=/assets/CameraDetailView-DrtXVDaO.css status=200 dur=595µs
time=2026-08-27T22:10:46.868-07:00 level=DEBUG msg=http method=GET path=/assets/CameraStage-XwSWLFPy.js status=200 dur=408µs
time=2026-08-27T22:10:46.876-07:00 level=DEBUG msg=http method=GET path=/ status=200 dur=392µs
time=2026-08-27T22:10:46.876-07:00 level=DEBUG msg=http method=GET path=/api/v1/cameras/72a399dc-9953-42dd-bffb-6b9601f8609c status=200 dur=2.088ms
time=2026-08-27T22:10:46.877-07:00 level=DEBUG msg=http method=GET path=/api/v1/cameras/72a399dc-9953-42dd-bffb-6b9601f8609c/stats status=200 dur=2.753ms
time=2026-08-27T22:10:47.028-07:00 level=DEBUG msg=http method=POST path=/api/v1/streams/00fd4ac0-764b-471d-bd27-bde4a5cc1e9d/webrtc status=503 dur=1.575ms
time=2026-08-27T22:10:47.028-07:00 level=DEBUG msg=http method=POST path=/api/v1/streams/dfde49ea-022e-4b7a-9ad7-acbbf5821553/webrtc status=503 dur=1.615ms
time=2026-08-27T22:10:47.168-07:00 level=DEBUG msg="peer connected" component=webrtc camera=72a399dc-9953-42dd-bffb-6b9601f8609c stream=main
time=2026-08-27T22:10:47.168-07:00 level=DEBUG msg=http method=POST path=/api/v1/streams/72a399dc-9953-42dd-bffb-6b9601f8609c/webrtc status=200 dur=8.001ms
time=2026-08-27T22:10:47.170-07:00 level=DEBUG msg=http method=POST path=/api/v1/streams/658d17d0-cd36-4188-bdaf-484d0fa35806/webrtc status=503 dur=1.618ms
time=2026-08-27T22:10:48.684-07:00 level=DEBUG msg="detect session ended" component=detect camera=8d76ebce-90bc-41bd-abf8-991c22a24df5 err="sub-stream not live"
time=2026-08-27T22:10:53.684-07:00 level=DEBUG msg="detect session ended" component=detect camera=8d76ebce-90bc-41bd-abf8-991c22a24df5 err="sub-stream not live"
time=2026-08-27T22:10:55.848-07:00 level=DEBUG msg=http method=GET path=/assets/ZoomableTimeline-BYBEeAmw.css status=200 dur=990µs
time=2026-08-27T22:10:55.850-07:00 level=DEBUG msg=http method=GET path=/assets/VideoPlayer-tu3u9iF0.css status=200 dur=1.165ms
time=2026-08-27T22:10:55.850-07:00 level=DEBUG msg=http method=GET path=/assets/PlaybackAggregateView-BUkjJXU6.js status=200 dur=1.539ms
time=2026-08-27T22:10:55.850-07:00 level=DEBUG msg=http method=GET path=/assets/PlaybackAggregateView-CD9NlV2s.css status=200 dur=1.789ms
time=2026-08-27T22:10:55.851-07:00 level=DEBUG msg=http method=POST path=/api/v1/streams/b17c49f1-d5d4-4324-af16-a0e8db7115b2/webrtc status=503 dur=3.107ms
time=2026-08-27T22:10:55.875-07:00 level=DEBUG msg=http method=GET path=/assets/ZoomableTimeline-xuzdkJCP.js status=200 dur=1.021ms
time=2026-08-27T22:10:55.875-07:00 level=DEBUG msg=http method=GET path=/ status=200 dur=65µs
time=2026-08-27T22:10:55.875-07:00 level=DEBUG msg=http method=GET path=/assets/VideoPlayer-DWVktjOs.js status=200 dur=26.438ms
time=2026-08-27T22:10:55.875-07:00 level=DEBUG msg=http method=GET path=/api/v1/cameras/00fd4ac0-764b-471d-bd27-bde4a5cc1e9d status=401 dur=98µs
time=2026-08-27T22:10:55.875-07:00 level=DEBUG msg=http method=GET path=/api/v1/cameras/00fd4ac0-764b-471d-bd27-bde4a5cc1e9d/stats status=401 dur=91µs
time=2026-08-27T22:10:56.140-07:00 level=DEBUG msg=http method=GET path=/api/v1/streams/dfde49ea-022e-4b7a-9ad7-acbbf5821553/mjpeg status=200 dur=9.106766s
time=2026-08-27T22:10:56.199-07:00 level=DEBUG msg=http method=GET path=/api/v1/streams/74fda5f9-d322-455d-b94b-c4566883a22f/mjpeg status=200 dur=19m36.820052s
time=2026-08-27T22:10:56.204-07:00 level=DEBUG msg=http method=GET path=/api/v1/streams/72a399dc-9953-42dd-bffb-6b9601f8609c/mjpeg status=200 dur=19m36.825301s
time=2026-08-27T22:10:56.279-07:00 level=DEBUG msg=http method=GET path=/api/v1/streams/658d17d0-cd36-4188-bdaf-484d0fa35806/mjpeg status=200 dur=9.100498s
time=2026-08-27T22:10:56.344-07:00 level=DEBUG msg=http method=GET path=/api/v1/streams/c3b3d81a-1f63-49f7-b7d9-e1ee37e680bb/mjpeg status=200 dur=19m28.176258s
time=2026-08-27T22:10:56.349-07:00 level=DEBUG msg=http method=GET path=/api/v1/streams/00fd4ac0-764b-471d-bd27-bde4a5cc1e9d/mjpeg status=200 dur=9.319463s
time=2026-08-27T22:10:57.659-07:00 level=INFO msg="2 RTP packets lost"
time=2026-08-27T22:10:58.684-07:00 level=DEBUG msg="detect session ended" component=detect camera=8d76ebce-90bc-41bd-abf8-991c22a24df5 err="sub-stream not live"
time=2026-08-27T22:11:03.288-07:00 level=DEBUG msg=http method=GET path=/api/v1/streams/b17c49f1-d5d4-4324-af16-a0e8db7115b2/mjpeg status=200 dur=53.344602s
time=2026-08-27T22:11:03.396-07:00 level=DEBUG msg=http method=GET path=/api/v1/streams/eac434a6-dcb7-463d-ac0c-97099fde966d/mjpeg status=200 dur=53.329135s
time=2026-08-27T22:11:03.533-07:00 level=DEBUG msg=http method=GET path=/api/v1/streams/72a399dc-9953-42dd-bffb-6b9601f8609c/mjpeg status=200 dur=53.465409s
time=2026-08-27T22:11:03.684-07:00 level=DEBUG msg="detect session ended" component=detect camera=8d76ebce-90bc-41bd-abf8-991c22a24df5 err="sub-stream not live"
time=2026-08-27T22:11:03.698-07:00 level=DEBUG msg=http method=GET path=/api/v1/streams/00fd4ac0-764b-471d-bd27-bde4a5cc1e9d/mjpeg status=200 dur=53.879627s
time=2026-08-27T22:11:03.731-07:00 level=DEBUG msg=http method=GET path=/api/v1/streams/658d17d0-cd36-4188-bdaf-484d0fa35806/mjpeg status=200 dur=53.929584s
time=2026-08-27T22:11:03.731-07:00 level=DEBUG msg=http method=GET path=/api/v1/streams/dfde49ea-022e-4b7a-9ad7-acbbf5821553/mjpeg status=200 dur=53.787761s
time=2026-08-27T22:11:08.684-07:00 level=DEBUG msg="detect session ended" component=detect camera=8d76ebce-90bc-41bd-abf8-991c22a24df5 err="sub-stream not live"
time=2026-08-27T22:11:13.685-07:00 level=DEBUG msg="detect session ended" component=detect camera=8d76ebce-90bc-41bd-abf8-991c22a24df5 err="sub-stream not live"
time=2026-08-27T22:11:14.418-07:00 level=INFO msg="1 RTP packet lost"
time=2026-08-27T22:11:18.685-07:00 level=DEBUG msg="detect session ended" component=detect camera=8d76ebce-90bc-41bd-abf8-991c22a24df5 err="sub-stream not live"
time=2026-08-27T22:11:23.685-07:00 level=DEBUG msg="detect session ended" component=detect camera=8d76ebce-90bc-41bd-abf8-991c22a24df5 err="sub-stream not live"
time=2026-08-27T22:11:28.686-07:00 level=DEBUG msg="detect session ended" component=detect camera=8d76ebce-90bc-41bd-abf8-991c22a24df5 err="sub-stream not live"
time=2026-08-27T22:11:31.518-07:00 level=WARN msg="stream session ended" component=ingest camera=motion-cam camera_id=8d76ebce-90bc-41bd-abf8-991c22a24df5 sub=true err="bad status code: 404 (Not Found)"
time=2026-08-27T22:11:33.686-07:00 level=DEBUG msg="detect session ended" component=detect camera=8d76ebce-90bc-41bd-abf8-991c22a24df5 err="sub-stream not live"
time=2026-08-27T22:11:38.686-07:00 level=DEBUG msg="detect session ended" component=detect camera=8d76ebce-90bc-41bd-abf8-991c22a24df5 err="sub-stream not live"
time=2026-08-27T22:11:43.686-07:00 level=DEBUG msg="detect session ended" component=detect camera=8d76ebce-90bc-41bd-abf8-991c22a24df5 err="sub-stream not live"
time=2026-08-27T22:11:48.687-07:00 level=DEBUG msg="detect session ended" component=detect camera=8d76ebce-90bc-41bd-abf8-991c22a24df5 err="sub-stream not live"
time=2026-08-27T22:11:53.687-07:00 level=DEBUG msg="detect session ended" component=detect camera=8d76ebce-90bc-41bd-abf8-991c22a24df5 err="sub-stream not live"
time=2026-08-27T22:11:56.146-07:00 level=INFO msg="1 RTP packet lost"
time=2026-08-27T22:11:57.659-07:00 level=INFO msg="1 RTP packet lost"
time=2026-08-27T22:11:57.659-07:00 level=DEBUG msg="h264 decode err=invalid FU-A packet (non-starting)" component=ingest camera="NONE IPC675LFW-AX4DUPKC-VG" camera_id=74fda5f9-d322-455d-b94b-c4566883a22f
time=2026-08-27T22:11:58.687-07:00 level=DEBUG msg="detect session ended" component=detect camera=8d76ebce-90bc-41bd-abf8-991c22a24df5 err="sub-stream not live"
time=2026-08-27T22:12:01.215-07:00 level=INFO msg="1 RTP packet lost"
time=2026-08-27T22:12:03.855-07:00 level=DEBUG msg="detect session ended" component=detect camera=8d76ebce-90bc-41bd-abf8-991c22a24df5 err="sub-stream not live"
time=2026-08-27T22:12:06.151-07:00 level=INFO msg="1 RTP packet lost"
time=2026-08-27T22:12:07.990-07:00 level=INFO msg="1 RTP packet lost"
time=2026-08-27T22:12:08.039-07:00 level=INFO msg="1 RTP packet lost"
time=2026-08-27T22:12:08.284-07:00 level=INFO msg="1 RTP packet lost"
time=2026-08-27T22:12:08.285-07:00 level=INFO msg="1 RTP packet lost"
time=2026-08-27T22:12:09.121-07:00 level=DEBUG msg="detect session ended" component=detect camera=8d76ebce-90bc-41bd-abf8-991c22a24df5 err="sub-stream not live"
time=2026-08-27T22:12:14.126-07:00 level=DEBUG msg="detect session ended" component=detect camera=8d76ebce-90bc-41bd-abf8-991c22a24df5 err="sub-stream not live"
time=2026-08-27T22:12:19.129-07:00 level=DEBUG msg="detect session ended" component=detect camera=8d76ebce-90bc-41bd-abf8-991c22a24df5 err="sub-stream not live"
time=2026-08-27T22:12:24.127-07:00 level=DEBUG msg="detect session ended" component=detect camera=8d76ebce-90bc-41bd-abf8-991c22a24df5 err="sub-stream not live"
time=2026-08-27T22:12:29.126-07:00 level=DEBUG msg="detect session ended" component=detect camera=8d76ebce-90bc-41bd-abf8-991c22a24df5 err="sub-stream not live"
time=2026-08-27T22:12:34.125-07:00 level=DEBUG msg="detect session ended" component=detect camera=8d76ebce-90bc-41bd-abf8-991c22a24df5 err="sub-stream not live"
time=2026-08-27T22:12:35.912-07:00 level=INFO msg="1 RTP packet lost"
time=2026-08-27T22:12:35.912-07:00 level=DEBUG msg="h264 decode err=invalid FU-A packet (non-starting)" component=ingest camera="FS IPC104-5M-B" camera_id=00fd4ac0-764b-471d-bd27-bde4a5cc1e9d
time=2026-08-27T22:12:36.840-07:00 level=WARN msg="stream session ended" component=ingest camera=motion-cam camera_id=8d76ebce-90bc-41bd-abf8-991c22a24df5 sub=true err="dial tcp [::1]:8854: connect: connection refused"
time=2026-08-27T22:12:37.588-07:00 level=INFO msg="3 RTP packets lost"
time=2026-08-27T22:12:37.588-07:00 level=DEBUG msg="h264 decode err=invalid FU-A packet (non-starting)" component=ingest camera="FS IPC104-5M-B" camera_id=00fd4ac0-764b-471d-bd27-bde4a5cc1e9d
time=2026-08-27T22:12:38.480-07:00 level=DEBUG msg="status write" component=ingest camera="FS IPC301-8M-B" camera_id=c3b3d81a-1f63-49f7-b7d9-e1ee37e680bb err="failed to connect to `user=postgres database=tapetum`:\n\t[::1]:55432 (localhost): dial error: dial tcp [::1]:55432: connect: connection refused\n\t127.0.0.1:55432 (localhost): dial error: dial tcp 127.0.0.1:55432: connect: connection refused"
time=2026-08-27T22:12:38.480-07:00 level=DEBUG msg="status write" component=ingest camera="FS IPC201-2M-B" camera_id=dfde49ea-022e-4b7a-9ad7-acbbf5821553 err="failed to connect to `user=postgres database=tapetum`:\n\t[::1]:55432 (localhost): dial error: dial tcp [::1]:55432: connect: connection refused\n\t127.0.0.1:55432 (localhost): dial error: dial tcp 127.0.0.1:55432: connect: connection refused"
time=2026-08-27T22:12:39.125-07:00 level=DEBUG msg="detect session ended" component=detect camera=8d76ebce-90bc-41bd-abf8-991c22a24df5 err="sub-stream not live"
time=2026-08-27T22:12:39.573-07:00 level=WARN msg="stream session ended" component=ingest camera=motion-cam camera_id=8d76ebce-90bc-41bd-abf8-991c22a24df5 sub=false err=EOF
time=2026-08-27T22:12:39.574-07:00 level=DEBUG msg="status write" component=ingest camera="FS IPC201-2M-B" camera_id=eac434a6-dcb7-463d-ac0c-97099fde966d err="failed to connect to `user=postgres database=tapetum`:\n\t[::1]:55432 (localhost): dial error: dial tcp [::1]:55432: connect: connection refused\n\t127.0.0.1:55432 (localhost): dial error: dial tcp 127.0.0.1:55432: connect: connection refused"
time=2026-08-27T22:12:39.576-07:00 level=DEBUG msg="status write" component=ingest camera="NONE IPC675LFW-AX4DUPKC-VG" camera_id=74fda5f9-d322-455d-b94b-c4566883a22f err="failed to connect to `user=postgres database=tapetum`:\n\t[::1]:55432 (localhost): dial error: dial tcp [::1]:55432: connect: connection refused\n\t127.0.0.1:55432 (localhost): dial error: dial tcp 127.0.0.1:55432: connect: connection refused"
time=2026-08-27T22:12:39.576-07:00 level=WARN msg="segment index failed" component=recorder camera=dfde49ea-022e-4b7a-9ad7-acbbf5821553 key=recordings/dfde49ea-022e-4b7a-9ad7-acbbf5821553/2026/08/27/23/1787897551196.m4s err="failed to connect to `user=postgres database=tapetum`:\n\t[::1]:55432 (localhost): dial error: dial tcp [::1]:55432: connect: connection refused\n\t127.0.0.1:55432 (localhost): dial error: dial tcp 127.0.0.1:55432: connect: connection refused"
time=2026-08-27T22:12:39.576-07:00 level=DEBUG msg="status write" component=ingest camera="FS IPC201-2M-B" camera_id=b17c49f1-d5d4-4324-af16-a0e8db7115b2 err="failed to connect to `user=postgres database=tapetum`:\n\t[::1]:55432 (localhost): dial error: dial tcp [::1]:55432: connect: connection refused\n\t127.0.0.1:55432 (localhost): dial error: dial tcp 127.0.0.1:55432: connect: connection refused"
time=2026-08-27T22:12:39.576-07:00 level=DEBUG msg="status write" component=ingest camera=motion-cam camera_id=8d76ebce-90bc-41bd-abf8-991c22a24df5 err="failed to connect to `user=postgres database=tapetum`:\n\t[::1]:55432 (localhost): dial error: dial tcp [::1]:55432: connect: connection refused\n\t127.0.0.1:55432 (localhost): dial error: dial tcp 127.0.0.1:55432: connect: connection refused"
time=2026-08-27T22:12:39.577-07:00 level=DEBUG msg="status write" component=ingest camera="FS IPC201-2M-B" camera_id=658d17d0-cd36-4188-bdaf-484d0fa35806 err="failed to connect to `user=postgres database=tapetum`:\n\t[::1]:55432 (localhost): dial error: dial tcp [::1]:55432: connect: connection refused\n\t127.0.0.1:55432 (localhost): dial error: dial tcp 127.0.0.1:55432: connect: connection refused"
time=2026-08-27T22:12:39.577-07:00 level=DEBUG msg="status write" component=ingest camera="FS IPC201-2M-B" camera_id=72a399dc-9953-42dd-bffb-6b9601f8609c err="failed to connect to `user=postgres database=tapetum`:\n\t[::1]:55432 (localhost): dial error: dial tcp [::1]:55432: connect: connection refused\n\t127.0.0.1:55432 (localhost): dial error: dial tcp 127.0.0.1:55432: connect: connection refused"
time=2026-08-27T22:12:39.577-07:00 level=DEBUG msg="status write" component=ingest camera=motion-cam camera_id=8d76ebce-90bc-41bd-abf8-991c22a24df5 err="failed to connect to `user=postgres database=tapetum`:\n\t[::1]:55432 (localhost): dial error: dial tcp [::1]:55432: connect: connection refused\n\t127.0.0.1:55432 (localhost): dial error: dial tcp 127.0.0.1:55432: connect: connection refused"
time=2026-08-27T22:12:39.578-07:00 level=WARN msg="segment index failed" component=recorder camera=74fda5f9-d322-455d-b94b-c4566883a22f key=recordings/74fda5f9-d322-455d-b94b-c4566883a22f/2026/08/27/21/1787892955946.m4s err="failed to connect to `user=postgres database=tapetum`:\n\t[::1]:55432 (localhost): dial error: dial tcp [::1]:55432: connect: connection refused\n\t127.0.0.1:55432 (localhost): dial error: dial tcp 127.0.0.1:55432: connect: connection refused"
time=2026-08-27T22:12:39.578-07:00 level=DEBUG msg="status write" component=ingest camera="FS IPC104-5M-B" camera_id=00fd4ac0-764b-471d-bd27-bde4a5cc1e9d err="failed to connect to `user=postgres database=tapetum`:\n\t[::1]:55432 (localhost): dial error: dial tcp [::1]:55432: connect: connection refused\n\t127.0.0.1:55432 (localhost): dial error: dial tcp 127.0.0.1:55432: connect: connection refused"
time=2026-08-27T22:12:39.578-07:00 level=WARN msg="segment index failed" component=recorder camera=658d17d0-cd36-4188-bdaf-484d0fa35806 key=recordings/658d17d0-cd36-4188-bdaf-484d0fa35806/2026/08/27/23/1787897550799.m4s err="failed to connect to `user=postgres database=tapetum`:\n\t[::1]:55432 (localhost): dial error: dial tcp [::1]:55432: connect: connection refused\n\t127.0.0.1:55432 (localhost): dial error: dial tcp 127.0.0.1:55432: connect: connection refused"
time=2026-08-27T22:12:39.588-07:00 level=WARN msg="segment index failed" component=recorder camera=eac434a6-dcb7-463d-ac0c-97099fde966d key=recordings/eac434a6-dcb7-463d-ac0c-97099fde966d/2026/08/27/23/1787897552916.m4s err="failed to connect to `user=postgres database=tapetum`:\n\t[::1]:55432 (localhost): dial error: dial tcp [::1]:55432: connect: connection refused\n\t127.0.0.1:55432 (localhost): dial error: dial tcp 127.0.0.1:55432: connect: connection refused"
time=2026-08-27T22:12:39.683-07:00 level=INFO msg="1 RTP packet lost"
time=2026-08-27T22:12:39.683-07:00 level=DEBUG msg="h264 decode err=invalid FU-A packet (non-starting)" component=ingest camera="FS IPC104-5M-B" camera_id=00fd4ac0-764b-471d-bd27-bde4a5cc1e9d
time=2026-08-27T22:12:40.284-07:00 level=WARN msg="segment index failed" component=recorder camera=72a399dc-9953-42dd-bffb-6b9601f8609c key=recordings/72a399dc-9953-42dd-bffb-6b9601f8609c/2026/08/27/23/1787897553200.m4s err="failed to connect to `user=postgres database=tapetum`:\n\t[::1]:55432 (localhost): dial error: dial tcp [::1]:55432: connect: connection refused\n\t127.0.0.1:55432 (localhost): dial error: dial tcp 127.0.0.1:55432: connect: connection refused"
time=2026-08-27T22:12:40.287-07:00 level=WARN msg="segment index failed" component=recorder camera=b17c49f1-d5d4-4324-af16-a0e8db7115b2 key=recordings/b17c49f1-d5d4-4324-af16-a0e8db7115b2/2026/08/27/23/1787897553316.m4s err="failed to connect to `user=postgres database=tapetum`:\n\t[::1]:55432 (localhost): dial error: dial tcp [::1]:55432: connect: connection refused\n\t127.0.0.1:55432 (localhost): dial error: dial tcp 127.0.0.1:55432: connect: connection refused"
time=2026-08-27T22:12:40.531-07:00 level=DEBUG msg=http method=GET path=/api/v1/streams/eac434a6-dcb7-463d-ac0c-97099fde966d/mjpeg status=200 dur=21m20.335259s
time=2026-08-27T22:12:40.583-07:00 level=DEBUG msg=http method=GET path=/api/v1/streams/658d17d0-cd36-4188-bdaf-484d0fa35806/mjpeg status=200 dur=21m20.508151s
time=2026-08-27T22:12:40.623-07:00 level=DEBUG msg=http method=GET path=/api/v1/streams/00fd4ac0-764b-471d-bd27-bde4a5cc1e9d/mjpeg status=200 dur=21m20.667909s
time=2026-08-27T22:12:40.760-07:00 level=WARN msg="stream session ended" component=ingest camera=motion-cam camera_id=8d76ebce-90bc-41bd-abf8-991c22a24df5 sub=false err="dial tcp [::1]:8854: connect: connection refused"
time=2026-08-27T22:12:40.760-07:00 level=DEBUG msg="status write" component=ingest camera=motion-cam camera_id=8d76ebce-90bc-41bd-abf8-991c22a24df5 err="failed to connect to `user=postgres database=tapetum`:\n\t[::1]:55432 (localhost): dial error: dial tcp [::1]:55432: connect: connection refused\n\t127.0.0.1:55432 (localhost): dial error: dial tcp 127.0.0.1:55432: connect: connection refused"
time=2026-08-27T22:12:40.769-07:00 level=DEBUG msg=http method=GET path=/api/v1/streams/b17c49f1-d5d4-4324-af16-a0e8db7115b2/mjpeg status=200 dur=21m20.686674s
time=2026-08-27T22:12:41.046-07:00 level=DEBUG msg=http method=GET path=/api/v1/streams/dfde49ea-022e-4b7a-9ad7-acbbf5821553/mjpeg status=200 dur=21m20.853219s
time=2026-08-27T22:12:41.046-07:00 level=DEBUG msg=http method=GET path=/api/v1/streams/72a399dc-9953-42dd-bffb-6b9601f8609c/mjpeg status=200 dur=21m21.090655s
time=2026-08-27T22:12:42.934-07:00 level=WARN msg="stream session ended" component=ingest camera=motion-cam camera_id=8d76ebce-90bc-41bd-abf8-991c22a24df5 sub=false err="dial tcp [::1]:8854: connect: connection refused"
time=2026-08-27T22:12:42.934-07:00 level=DEBUG msg="status write" component=ingest camera=motion-cam camera_id=8d76ebce-90bc-41bd-abf8-991c22a24df5 err="failed to connect to `user=postgres database=tapetum`:\n\t[::1]:55432 (localhost): dial error: dial tcp [::1]:55432: connect: connection refused\n\t127.0.0.1:55432 (localhost): dial error: dial tcp 127.0.0.1:55432: connect: connection refused"
time=2026-08-27T22:12:43.479-07:00 level=DEBUG msg="status write" component=ingest camera="NONE IPC675LFW-AX4DUPKC-VG" camera_id=74fda5f9-d322-455d-b94b-c4566883a22f err="failed to connect to `user=postgres database=tapetum`:\n\t[::1]:55432 (localhost): dial error: dial tcp [::1]:55432: connect: connection refused\n\t127.0.0.1:55432 (localhost): dial error: dial tcp 127.0.0.1:55432: connect: connection refused"
time=2026-08-27T22:12:43.479-07:00 level=DEBUG msg="status write" component=ingest camera="FS IPC201-2M-B" camera_id=eac434a6-dcb7-463d-ac0c-97099fde966d err="failed to connect to `user=postgres database=tapetum`:\n\t[::1]:55432 (localhost): dial error: dial tcp [::1]:55432: connect: connection refused\n\t127.0.0.1:55432 (localhost): dial error: dial tcp 127.0.0.1:55432: connect: connection refused"
time=2026-08-27T22:12:43.479-07:00 level=DEBUG msg="status write" component=ingest camera="FS IPC104-5M-B" camera_id=00fd4ac0-764b-471d-bd27-bde4a5cc1e9d err="failed to connect to `user=postgres database=tapetum`:\n\t[::1]:55432 (localhost): dial error: dial tcp [::1]:55432: connect: connection refused\n\t127.0.0.1:55432 (localhost): dial error: dial tcp 127.0.0.1:55432: connect: connection refused"
time=2026-08-27T22:12:43.479-07:00 level=DEBUG msg="status write" component=ingest camera="FS IPC201-2M-B" camera_id=b17c49f1-d5d4-4324-af16-a0e8db7115b2 err="failed to connect to `user=postgres database=tapetum`:\n\t[::1]:55432 (localhost): dial error: dial tcp [::1]:55432: connect: connection refused\n\t127.0.0.1:55432 (localhost): dial error: dial tcp 127.0.0.1:55432: connect: connection refused"
time=2026-08-27T22:12:43.479-07:00 level=DEBUG msg="status write" component=ingest camera=motion-cam camera_id=8d76ebce-90bc-41bd-abf8-991c22a24df5 err="failed to connect to `user=postgres database=tapetum`:\n\t[::1]:55432 (localhost): dial error: dial tcp [::1]:55432: connect: connection refused\n\t127.0.0.1:55432 (localhost): dial error: dial tcp 127.0.0.1:55432: connect: connection refused"
time=2026-08-27T22:12:43.479-07:00 level=DEBUG msg="status write" component=ingest camera="FS IPC201-2M-B" camera_id=658d17d0-cd36-4188-bdaf-484d0fa35806 err="failed to connect to `user=postgres database=tapetum`:\n\t[::1]:55432 (localhost): dial error: dial tcp [::1]:55432: connect: connection refused\n\t127.0.0.1:55432 (localhost): dial error: dial tcp 127.0.0.1:55432: connect: connection refused"
time=2026-08-27T22:12:43.479-07:00 level=DEBUG msg="status write" component=ingest camera="FS IPC201-2M-B" camera_id=72a399dc-9953-42dd-bffb-6b9601f8609c err="failed to connect to `user=postgres database=tapetum`:\n\t[::1]:55432 (localhost): dial error: dial tcp [::1]:55432: connect: connection refused\n\t127.0.0.1:55432 (localhost): dial error: dial tcp 127.0.0.1:55432: connect: connection refused"
time=2026-08-27T22:12:43.479-07:00 level=DEBUG msg="status write" component=ingest camera="FS IPC301-8M-B" camera_id=c3b3d81a-1f63-49f7-b7d9-e1ee37e680bb err="failed to connect to `user=postgres database=tapetum`:\n\t[::1]:55432 (localhost): dial error: dial tcp [::1]:55432: connect: connection refused\n\t127.0.0.1:55432 (localhost): dial error: dial tcp 127.0.0.1:55432: connect: connection refused"
time=2026-08-27T22:12:43.479-07:00 level=DEBUG msg="status write" component=ingest camera="FS IPC201-2M-B" camera_id=dfde49ea-022e-4b7a-9ad7-acbbf5821553 err="failed to connect to `user=postgres database=tapetum`:\n\t[::1]:55432 (localhost): dial error: dial tcp [::1]:55432: connect: connection refused\n\t127.0.0.1:55432 (localhost): dial error: dial tcp 127.0.0.1:55432: connect: connection refused"
time=2026-08-27T22:12:43.592-07:00 level=WARN msg="stream session ended" component=ingest camera="FS IPC104-5M-B" camera_id=00fd4ac0-764b-471d-bd27-bde4a5cc1e9d sub=false err="write udp [::]:56775->10.0.25.88:10015: sendto: no route to host"
time=2026-08-27T22:12:43.608-07:00 level=WARN msg="stream session ended" component=ingest camera="NONE IPC675LFW-AX4DUPKC-VG" camera_id=74fda5f9-d322-455d-b94b-c4566883a22f sub=false err="write udp [::]:10977->10.0.25.89:10025: sendto: no route to host"
time=2026-08-27T22:12:43.609-07:00 level=WARN msg="segment index failed" component=recorder camera=00fd4ac0-764b-471d-bd27-bde4a5cc1e9d key=recordings/00fd4ac0-764b-471d-bd27-bde4a5cc1e9d/2012/02/06/12/1328561531218.m4s err="failed to connect to `user=postgres database=tapetum`:\n\t[::1]:55432 (localhost): dial error: dial tcp [::1]:55432: connect: connection refused\n\t127.0.0.1:55432 (localhost): dial error: dial tcp 127.0.0.1:55432: connect: connection refused"
time=2026-08-27T22:12:43.610-07:00 level=DEBUG msg="status write" component=ingest camera="FS IPC104-5M-B" camera_id=00fd4ac0-764b-471d-bd27-bde4a5cc1e9d err="failed to connect to `user=postgres database=tapetum`:\n\t[::1]:55432 (localhost): dial error: dial tcp [::1]:55432: connect: connection refused\n\t127.0.0.1:55432 (localhost): dial error: dial tcp 127.0.0.1:55432: connect: connection refused"
time=2026-08-27T22:12:43.613-07:00 level=WARN msg="segment index failed" component=recorder camera=74fda5f9-d322-455d-b94b-c4566883a22f key=recordings/74fda5f9-d322-455d-b94b-c4566883a22f/2026/08/27/21/1787892963946.m4s err="failed to connect to `user=postgres database=tapetum`:\n\t[::1]:55432 (localhost): dial error: dial tcp [::1]:55432: connect: connection refused\n\t127.0.0.1:55432 (localhost): dial error: dial tcp 127.0.0.1:55432: connect: connection refused"
time=2026-08-27T22:12:43.613-07:00 level=DEBUG msg="status write" component=ingest camera="NONE IPC675LFW-AX4DUPKC-VG" camera_id=74fda5f9-d322-455d-b94b-c4566883a22f err="failed to connect to `user=postgres database=tapetum`:\n\t[::1]:55432 (localhost): dial error: dial tcp [::1]:55432: connect: connection refused\n\t127.0.0.1:55432 (localhost): dial error: dial tcp 127.0.0.1:55432: connect: connection refused"
time=2026-08-27T22:12:43.728-07:00 level=WARN msg="stream session ended" component=ingest camera="FS IPC201-2M-B" camera_id=b17c49f1-d5d4-4324-af16-a0e8db7115b2 sub=false err="write udp [::]:53197->10.0.25.13:10025: sendto: no route to host"
time=2026-08-27T22:12:43.733-07:00 level=WARN msg="segment index failed" component=recorder camera=b17c49f1-d5d4-4324-af16-a0e8db7115b2 key=recordings/b17c49f1-d5d4-4324-af16-a0e8db7115b2/2026/08/27/23/1787897559333.m4s err="failed to connect to `user=postgres database=tapetum`:\n\t[::1]:55432 (localhost): dial error: dial tcp [::1]:55432: connect: connection refused\n\t127.0.0.1:55432 (localhost): dial error: dial tcp 127.0.0.1:55432: connect: connection refused"
time=2026-08-27T22:12:43.734-07:00 level=DEBUG msg="status write" component=ingest camera="FS IPC201-2M-B" camera_id=b17c49f1-d5d4-4324-af16-a0e8db7115b2 err="failed to connect to `user=postgres database=tapetum`:\n\t[::1]:55432 (localhost): dial error: dial tcp [::1]:55432: connect: connection refused\n\t127.0.0.1:55432 (localhost): dial error: dial tcp 127.0.0.1:55432: connect: connection refused"
time=2026-08-27T22:12:43.746-07:00 level=WARN msg="stream session ended" component=ingest camera="FS IPC201-2M-B" camera_id=dfde49ea-022e-4b7a-9ad7-acbbf5821553 sub=false err="write udp [::]:26539->10.0.25.15:10025: sendto: no route to host"
time=2026-08-27T22:12:43.751-07:00 level=WARN msg="segment index failed" component=recorder camera=dfde49ea-022e-4b7a-9ad7-acbbf5821553 key=recordings/dfde49ea-022e-4b7a-9ad7-acbbf5821553/2026/08/27/23/1787897557207.m4s err="failed to connect to `user=postgres database=tapetum`:\n\t[::1]:55432 (localhost): dial error: dial tcp [::1]:55432: connect: connection refused\n\t127.0.0.1:55432 (localhost): dial error: dial tcp 127.0.0.1:55432: connect: connection refused"
time=2026-08-27T22:12:43.751-07:00 level=DEBUG msg="status write" component=ingest camera="FS IPC201-2M-B" camera_id=dfde49ea-022e-4b7a-9ad7-acbbf5821553 err="failed to connect to `user=postgres database=tapetum`:\n\t[::1]:55432 (localhost): dial error: dial tcp [::1]:55432: connect: connection refused\n\t127.0.0.1:55432 (localhost): dial error: dial tcp 127.0.0.1:55432: connect: connection refused"
time=2026-08-27T22:12:43.754-07:00 level=WARN msg="stream session ended" component=ingest camera="FS IPC201-2M-B" camera_id=eac434a6-dcb7-463d-ac0c-97099fde966d sub=false err="write udp [::]:62457->10.0.25.14:10015: sendto: no route to host"
time=2026-08-27T22:12:43.759-07:00 level=WARN msg="segment index failed" component=recorder camera=eac434a6-dcb7-463d-ac0c-97099fde966d key=recordings/eac434a6-dcb7-463d-ac0c-97099fde966d/2026/08/27/23/1787897559603.m4s err="failed to connect to `user=postgres database=tapetum`:\n\t[::1]:55432 (localhost): dial error: dial tcp [::1]:55432: connect: connection refused\n\t127.0.0.1:55432 (localhost): dial error: dial tcp 127.0.0.1:55432: connect: connection refused"
time=2026-08-27T22:12:43.760-07:00 level=DEBUG msg="status write" component=ingest camera="FS IPC201-2M-B" camera_id=eac434a6-dcb7-463d-ac0c-97099fde966d err="failed to connect to `user=postgres database=tapetum`:\n\t[::1]:55432 (localhost): dial error: dial tcp [::1]:55432: connect: connection refused\n\t127.0.0.1:55432 (localhost): dial error: dial tcp 127.0.0.1:55432: connect: connection refused"
time=2026-08-27T22:12:43.768-07:00 level=WARN msg="stream session ended" component=ingest camera="FS IPC201-2M-B" camera_id=72a399dc-9953-42dd-bffb-6b9601f8609c sub=false err="write udp [::]:18457->10.0.25.12:10025: sendto: no route to host"
time=2026-08-27T22:12:43.772-07:00 level=WARN msg="segment index failed" component=recorder camera=72a399dc-9953-42dd-bffb-6b9601f8609c key=recordings/72a399dc-9953-42dd-bffb-6b9601f8609c/2026/08/27/23/1787897559209.m4s err="failed to connect to `user=postgres database=tapetum`:\n\t[::1]:55432 (localhost): dial error: dial tcp [::1]:55432: connect: connection refused\n\t127.0.0.1:55432 (localhost): dial error: dial tcp 127.0.0.1:55432: connect: connection refused"
time=2026-08-27T22:12:43.773-07:00 level=DEBUG msg="status write" component=ingest camera="FS IPC201-2M-B" camera_id=72a399dc-9953-42dd-bffb-6b9601f8609c err="failed to connect to `user=postgres database=tapetum`:\n\t[::1]:55432 (localhost): dial error: dial tcp [::1]:55432: connect: connection refused\n\t127.0.0.1:55432 (localhost): dial error: dial tcp 127.0.0.1:55432: connect: connection refused"
time=2026-08-27T22:12:43.780-07:00 level=WARN msg="stream session ended" component=ingest camera="FS IPC201-2M-B" camera_id=658d17d0-cd36-4188-bdaf-484d0fa35806 sub=false err="write udp [::]:17297->10.0.25.33:10015: sendto: no route to host"
time=2026-08-27T22:12:43.786-07:00 level=WARN msg="segment index failed" component=recorder camera=658d17d0-cd36-4188-bdaf-484d0fa35806 key=recordings/658d17d0-cd36-4188-bdaf-484d0fa35806/2026/08/27/23/1787897556807.m4s err="failed to connect to `user=postgres database=tapetum`:\n\t[::1]:55432 (localhost): dial error: dial tcp [::1]:55432: connect: connection refused\n\t127.0.0.1:55432 (localhost): dial error: dial tcp 127.0.0.1:55432: connect: connection refused"
time=2026-08-27T22:12:43.786-07:00 level=DEBUG msg="status write" component=ingest camera="FS IPC201-2M-B" camera_id=658d17d0-cd36-4188-bdaf-484d0fa35806 err="failed to connect to `user=postgres database=tapetum`:\n\t[::1]:55432 (localhost): dial error: dial tcp [::1]:55432: connect: connection refused\n\t127.0.0.1:55432 (localhost): dial error: dial tcp 127.0.0.1:55432: connect: connection refused"
time=2026-08-27T22:12:43.870-07:00 level=WARN msg="stream session ended" component=ingest camera="FS IPC301-8M-B" camera_id=c3b3d81a-1f63-49f7-b7d9-e1ee37e680bb sub=true err="write udp [::]:44507->10.0.25.16:10029: sendto: no route to host"
time=2026-08-27T22:12:43.885-07:00 level=WARN msg="stream session ended" component=ingest camera="FS IPC301-8M-B" camera_id=c3b3d81a-1f63-49f7-b7d9-e1ee37e680bb sub=false err="write udp [::]:41171->10.0.25.16:10031: sendto: no route to host"
time=2026-08-27T22:12:43.893-07:00 level=WARN msg="segment index failed" component=recorder camera=c3b3d81a-1f63-49f7-b7d9-e1ee37e680bb key=recordings/c3b3d81a-1f63-49f7-b7d9-e1ee37e680bb/2026/08/27/23/1787897547162.m4s err="failed to connect to `user=postgres database=tapetum`:\n\t[::1]:55432 (localhost): dial error: dial tcp [::1]:55432: connect: connection refused\n\t127.0.0.1:55432 (localhost): dial error: dial tcp 127.0.0.1:55432: connect: connection refused"
time=2026-08-27T22:12:43.893-07:00 level=DEBUG msg="status write" component=ingest camera="FS IPC301-8M-B" camera_id=c3b3d81a-1f63-49f7-b7d9-e1ee37e680bb err="failed to connect to `user=postgres database=tapetum`:\n\t[::1]:55432 (localhost): dial error: dial tcp [::1]:55432: connect: connection refused\n\t127.0.0.1:55432 (localhost): dial error: dial tcp 127.0.0.1:55432: connect: connection refused"
time=2026-08-27T22:12:44.125-07:00 level=DEBUG msg="detect session ended" component=detect camera=8d76ebce-90bc-41bd-abf8-991c22a24df5 err="sub-stream not live"
time=2026-08-27T22:12:47.551-07:00 level=WARN msg="stream session ended" component=ingest camera="FS IPC201-2M-B" camera_id=dfde49ea-022e-4b7a-9ad7-acbbf5821553 sub=false err="dial tcp 10.0.25.15:554: connect: no route to host"
time=2026-08-27T22:12:47.551-07:00 level=WARN msg="stream session ended" component=ingest camera="FS IPC301-8M-B" camera_id=c3b3d81a-1f63-49f7-b7d9-e1ee37e680bb sub=true err="dial tcp 10.0.25.16:554: connect: no route to host"
time=2026-08-27T22:12:47.551-07:00 level=WARN msg="stream session ended" component=ingest camera="NONE IPC675LFW-AX4DUPKC-VG" camera_id=74fda5f9-d322-455d-b94b-c4566883a22f sub=false err="dial tcp 10.0.25.89:554: connect: no route to host"
time=2026-08-27T22:12:47.551-07:00 level=WARN msg="stream session ended" component=ingest camera="FS IPC104-5M-B" camera_id=00fd4ac0-764b-471d-bd27-bde4a5cc1e9d sub=false err="dial tcp 10.0.25.88:554: connect: no route to host"
time=2026-08-27T22:12:47.551-07:00 level=WARN msg="stream session ended" component=ingest camera="FS IPC201-2M-B" camera_id=eac434a6-dcb7-463d-ac0c-97099fde966d sub=false err="dial tcp 10.0.25.14:554: connect: no route to host"
time=2026-08-27T22:12:47.551-07:00 level=WARN msg="stream session ended" component=ingest camera="FS IPC301-8M-B" camera_id=c3b3d81a-1f63-49f7-b7d9-e1ee37e680bb sub=false err="dial tcp 10.0.25.16:554: connect: no route to host"
time=2026-08-27T22:12:47.551-07:00 level=WARN msg="stream session ended" component=ingest camera="FS IPC201-2M-B" camera_id=658d17d0-cd36-4188-bdaf-484d0fa35806 sub=false err="dial tcp 10.0.25.33:554: connect: no route to host"
time=2026-08-27T22:12:47.552-07:00 level=WARN msg="stream session ended" component=ingest camera="FS IPC201-2M-B" camera_id=b17c49f1-d5d4-4324-af16-a0e8db7115b2 sub=false err="dial tcp 10.0.25.13:554: connect: no route to host"
time=2026-08-27T22:12:47.551-07:00 level=WARN msg="stream session ended" component=ingest camera="FS IPC201-2M-B" camera_id=72a399dc-9953-42dd-bffb-6b9601f8609c sub=false err="dial tcp 10.0.25.12:554: connect: no route to host"
time=2026-08-27T22:12:47.552-07:00 level=DEBUG msg="status write" component=ingest camera="FS IPC201-2M-B" camera_id=dfde49ea-022e-4b7a-9ad7-acbbf5821553 err="failed to connect to `user=postgres database=tapetum`:\n\t[::1]:55432 (localhost): dial error: dial tcp [::1]:55432: connect: connection refused\n\t127.0.0.1:55432 (localhost): dial error: dial tcp 127.0.0.1:55432: connect: connection refused"
time=2026-08-27T22:12:47.552-07:00 level=DEBUG msg="status write" component=ingest camera="FS IPC201-2M-B" camera_id=eac434a6-dcb7-463d-ac0c-97099fde966d err="failed to connect to `user=postgres database=tapetum`:\n\t[::1]:55432 (localhost): dial error: dial tcp [::1]:55432: connect: connection refused\n\t127.0.0.1:55432 (localhost): dial error: dial tcp 127.0.0.1:55432: connect: connection refused"
time=2026-08-27T22:12:47.552-07:00 level=DEBUG msg="status write" component=ingest camera="FS IPC301-8M-B" camera_id=c3b3d81a-1f63-49f7-b7d9-e1ee37e680bb err="failed to connect to `user=postgres database=tapetum`:\n\t[::1]:55432 (localhost): dial error: dial tcp [::1]:55432: connect: connection refused\n\t127.0.0.1:55432 (localhost): dial error: dial tcp 127.0.0.1:55432: connect: connection refused"
time=2026-08-27T22:12:47.552-07:00 level=DEBUG msg="status write" component=ingest camera="FS IPC201-2M-B" camera_id=b17c49f1-d5d4-4324-af16-a0e8db7115b2 err="failed to connect to `user=postgres database=tapetum`:\n\t[::1]:55432 (localhost): dial error: dial tcp [::1]:55432: connect: connection refused\n\t127.0.0.1:55432 (localhost): dial error: dial tcp 127.0.0.1:55432: connect: connection refused"
time=2026-08-27T22:12:47.552-07:00 level=DEBUG msg="status write" component=ingest camera="FS IPC201-2M-B" camera_id=72a399dc-9953-42dd-bffb-6b9601f8609c err="failed to connect to `user=postgres database=tapetum`:\n\t[::1]:55432 (localhost): dial error: dial tcp [::1]:55432: connect: connection refused\n\t127.0.0.1:55432 (localhost): dial error: dial tcp 127.0.0.1:55432: connect: connection refused"
time=2026-08-27T22:12:47.553-07:00 level=DEBUG msg="status write" component=ingest camera="FS IPC104-5M-B" camera_id=00fd4ac0-764b-471d-bd27-bde4a5cc1e9d err="failed to connect to `user=postgres database=tapetum`:\n\t[::1]:55432 (localhost): dial error: dial tcp [::1]:55432: connect: connection refused\n\t127.0.0.1:55432 (localhost): dial error: dial tcp 127.0.0.1:55432: connect: connection refused"
time=2026-08-27T22:12:47.552-07:00 level=DEBUG msg="status write" component=ingest camera="NONE IPC675LFW-AX4DUPKC-VG" camera_id=74fda5f9-d322-455d-b94b-c4566883a22f err="failed to connect to `user=postgres database=tapetum`:\n\t[::1]:55432 (localhost): dial error: dial tcp [::1]:55432: connect: connection refused\n\t127.0.0.1:55432 (localhost): dial error: dial tcp 127.0.0.1:55432: connect: connection refused"
time=2026-08-27T22:12:47.553-07:00 level=DEBUG msg="status write" component=ingest camera="FS IPC201-2M-B" camera_id=658d17d0-cd36-4188-bdaf-484d0fa35806 err="failed to connect to `user=postgres database=tapetum`:\n\t[::1]:55432 (localhost): dial error: dial tcp [::1]:55432: connect: connection refused\n\t127.0.0.1:55432 (localhost): dial error: dial tcp 127.0.0.1:55432: connect: connection refused"
time=2026-08-27T22:12:48.479-07:00 level=DEBUG msg="status write" component=ingest camera="FS IPC201-2M-B" camera_id=dfde49ea-022e-4b7a-9ad7-acbbf5821553 err="failed to connect to `user=postgres database=tapetum`:\n\t[::1]:55432 (localhost): dial error: dial tcp [::1]:55432: connect: connection refused\n\t127.0.0.1:55432 (localhost): dial error: dial tcp 127.0.0.1:55432: connect: connection refused"
time=2026-08-27T22:12:48.479-07:00 level=DEBUG msg="status write" component=ingest camera="FS IPC201-2M-B" camera_id=658d17d0-cd36-4188-bdaf-484d0fa35806 err="failed to connect to `user=postgres database=tapetum`:\n\t[::1]:55432 (localhost): dial error: dial tcp [::1]:55432: connect: connection refused\n\t127.0.0.1:55432 (localhost): dial error: dial tcp 127.0.0.1:55432: connect: connection refused"
time=2026-08-27T22:12:48.479-07:00 level=DEBUG msg="status write" component=ingest camera="FS IPC201-2M-B" camera_id=b17c49f1-d5d4-4324-af16-a0e8db7115b2 err="failed to connect to `user=postgres database=tapetum`:\n\t[::1]:55432 (localhost): dial error: dial tcp [::1]:55432: connect: connection refused\n\t127.0.0.1:55432 (localhost): dial error: dial tcp 127.0.0.1:55432: connect: connection refused"
time=2026-08-27T22:12:48.479-07:00 level=DEBUG msg="status write" component=ingest camera="FS IPC104-5M-B" camera_id=00fd4ac0-764b-471d-bd27-bde4a5cc1e9d err="failed to connect to `user=postgres database=tapetum`:\n\t[::1]:55432 (localhost): dial error: dial tcp [::1]:55432: connect: connection refused\n\t127.0.0.1:55432 (localhost): dial error: dial tcp 127.0.0.1:55432: connect: connection refused"
time=2026-08-27T22:12:48.479-07:00 level=DEBUG msg="status write" component=ingest camera="FS IPC201-2M-B" camera_id=eac434a6-dcb7-463d-ac0c-97099fde966d err="failed to connect to `user=postgres database=tapetum`:\n\t[::1]:55432 (localhost): dial error: dial tcp [::1]:55432: connect: connection refused\n\t127.0.0.1:55432 (localhost): dial error: dial tcp 127.0.0.1:55432: connect: connection refused"
time=2026-08-27T22:12:48.479-07:00 level=DEBUG msg="status write" component=ingest camera=motion-cam camera_id=8d76ebce-90bc-41bd-abf8-991c22a24df5 err="failed to connect to `user=postgres database=tapetum`:\n\t[::1]:55432 (localhost): dial error: dial tcp [::1]:55432: connect: connection refused\n\t127.0.0.1:55432 (localhost): dial error: dial tcp 127.0.0.1:55432: connect: connection refused"
time=2026-08-27T22:12:48.479-07:00 level=DEBUG msg="status write" component=ingest camera="FS IPC301-8M-B" camera_id=c3b3d81a-1f63-49f7-b7d9-e1ee37e680bb err="failed to connect to `user=postgres database=tapetum`:\n\t[::1]:55432 (localhost): dial error: dial tcp [::1]:55432: connect: connection refused\n\t127.0.0.1:55432 (localhost): dial error: dial tcp 127.0.0.1:55432: connect: connection refused"
time=2026-08-27T22:12:48.479-07:00 level=DEBUG msg="status write" component=ingest camera="FS IPC201-2M-B" camera_id=72a399dc-9953-42dd-bffb-6b9601f8609c err="failed to connect to `user=postgres database=tapetum`:\n\t[::1]:55432 (localhost): dial error: dial tcp [::1]:55432: connect: connection refused\n\t127.0.0.1:55432 (localhost): dial error: dial tcp 127.0.0.1:55432: connect: connection refused"
time=2026-08-27T22:12:48.479-07:00 level=DEBUG msg="status write" component=ingest camera="NONE IPC675LFW-AX4DUPKC-VG" camera_id=74fda5f9-d322-455d-b94b-c4566883a22f err="failed to connect to `user=postgres database=tapetum`:\n\t[::1]:55432 (localhost): dial error: dial tcp [::1]:55432: connect: connection refused\n\t127.0.0.1:55432 (localhost): dial error: dial tcp 127.0.0.1:55432: connect: connection refused"
time=2026-08-27T22:12:48.782-07:00 level=WARN msg="stream session ended" component=ingest camera=motion-cam camera_id=8d76ebce-90bc-41bd-abf8-991c22a24df5 sub=false err="dial tcp [::1]:8854: connect: connection refused"
time=2026-08-27T22:12:48.782-07:00 level=DEBUG msg="status write" component=ingest camera=motion-cam camera_id=8d76ebce-90bc-41bd-abf8-991c22a24df5 err="failed to connect to `user=postgres database=tapetum`:\n\t[::1]:55432 (localhost): dial error: dial tcp [::1]:55432: connect: connection refused\n\t127.0.0.1:55432 (localhost): dial error: dial tcp 127.0.0.1:55432: connect: connection refused"
time=2026-08-27T22:12:49.125-07:00 level=DEBUG msg="detect session ended" component=detect camera=8d76ebce-90bc-41bd-abf8-991c22a24df5 err="sub-stream not live"
time=2026-08-27T22:12:49.567-07:00 level=WARN msg="stream session ended" component=ingest camera="FS IPC301-8M-B" camera_id=c3b3d81a-1f63-49f7-b7d9-e1ee37e680bb sub=true err="dial tcp 10.0.25.16:554: connect: no route to host"
time=2026-08-27T22:12:49.567-07:00 level=WARN msg="stream session ended" component=ingest camera="FS IPC201-2M-B" camera_id=72a399dc-9953-42dd-bffb-6b9601f8609c sub=false err="dial tcp 10.0.25.12:554: connect: no route to host"
time=2026-08-27T22:12:49.567-07:00 level=DEBUG msg="status write" component=ingest camera="FS IPC201-2M-B" camera_id=72a399dc-9953-42dd-bffb-6b9601f8609c err="failed to connect to `user=postgres database=tapetum`:\n\t[::1]:55432 (localhost): dial error: dial tcp [::1]:55432: connect: connection refused\n\t127.0.0.1:55432 (localhost): dial error: dial tcp 127.0.0.1:55432: connect: connection refused"
time=2026-08-27T22:12:49.578-07:00 level=WARN msg="stream session ended" component=ingest camera="NONE IPC675LFW-AX4DUPKC-VG" camera_id=74fda5f9-d322-455d-b94b-c4566883a22f sub=false err="dial tcp 10.0.25.89:554: connect: no route to host"
time=2026-08-27T22:12:49.578-07:00 level=DEBUG msg="status write" component=ingest camera="NONE IPC675LFW-AX4DUPKC-VG" camera_id=74fda5f9-d322-455d-b94b-c4566883a22f err="failed to connect to `user=postgres database=tapetum`:\n\t[::1]:55432 (localhost): dial error: dial tcp [::1]:55432: connect: connection refused\n\t127.0.0.1:55432 (localhost): dial error: dial tcp 127.0.0.1:55432: connect: connection refused"
time=2026-08-27T22:12:49.585-07:00 level=WARN msg="stream session ended" component=ingest camera="FS IPC104-5M-B" camera_id=00fd4ac0-764b-471d-bd27-bde4a5cc1e9d sub=false err="dial tcp 10.0.25.88:554: connect: no route to host"
time=2026-08-27T22:12:49.586-07:00 level=DEBUG msg="status write" component=ingest camera="FS IPC104-5M-B" camera_id=00fd4ac0-764b-471d-bd27-bde4a5cc1e9d err="failed to connect to `user=postgres database=tapetum`:\n\t[::1]:55432 (localhost): dial error: dial tcp [::1]:55432: connect: connection refused\n\t127.0.0.1:55432 (localhost): dial error: dial tcp 127.0.0.1:55432: connect: connection refused"
time=2026-08-27T22:12:49.634-07:00 level=WARN msg="stream session ended" component=ingest camera="FS IPC201-2M-B" camera_id=658d17d0-cd36-4188-bdaf-484d0fa35806 sub=false err="dial tcp 10.0.25.33:554: connect: no route to host"
time=2026-08-27T22:12:49.634-07:00 level=DEBUG msg="status write" component=ingest camera="FS IPC201-2M-B" camera_id=658d17d0-cd36-4188-bdaf-484d0fa35806 err="failed to connect to `user=postgres database=tapetum`:\n\t[::1]:55432 (localhost): dial error: dial tcp [::1]:55432: connect: connection refused\n\t127.0.0.1:55432 (localhost): dial error: dial tcp 127.0.0.1:55432: connect: connection refused"
time=2026-08-27T22:12:49.656-07:00 level=WARN msg="stream session ended" component=ingest camera="FS IPC201-2M-B" camera_id=dfde49ea-022e-4b7a-9ad7-acbbf5821553 sub=false err="dial tcp 10.0.25.15:554: connect: no route to host"
time=2026-08-27T22:12:49.656-07:00 level=DEBUG msg="status write" component=ingest camera="FS IPC201-2M-B" camera_id=dfde49ea-022e-4b7a-9ad7-acbbf5821553 err="failed to connect to `user=postgres database=tapetum`:\n\t[::1]:55432 (localhost): dial error: dial tcp [::1]:55432: connect: connection refused\n\t127.0.0.1:55432 (localhost): dial error: dial tcp 127.0.0.1:55432: connect: connection refused"
time=2026-08-27T22:12:49.708-07:00 level=WARN msg="stream session ended" component=ingest camera="FS IPC301-8M-B" camera_id=c3b3d81a-1f63-49f7-b7d9-e1ee37e680bb sub=false err="dial tcp 10.0.25.16:554: connect: no route to host"
time=2026-08-27T22:12:49.709-07:00 level=DEBUG msg="status write" component=ingest camera="FS IPC301-8M-B" camera_id=c3b3d81a-1f63-49f7-b7d9-e1ee37e680bb err="failed to connect to `user=postgres database=tapetum`:\n\t[::1]:55432 (localhost): dial error: dial tcp [::1]:55432: connect: connection refused\n\t127.0.0.1:55432 (localhost): dial error: dial tcp 127.0.0.1:55432: connect: connection refused"
time=2026-08-27T22:12:49.730-07:00 level=WARN msg="stream session ended" component=ingest camera="FS IPC201-2M-B" camera_id=eac434a6-dcb7-463d-ac0c-97099fde966d sub=false err="dial tcp 10.0.25.14:554: connect: no route to host"
time=2026-08-27T22:12:49.730-07:00 level=DEBUG msg="status write" component=ingest camera="FS IPC201-2M-B" camera_id=eac434a6-dcb7-463d-ac0c-97099fde966d err="failed to connect to `user=postgres database=tapetum`:\n\t[::1]:55432 (localhost): dial error: dial tcp [::1]:55432: connect: connection refused\n\t127.0.0.1:55432 (localhost): dial error: dial tcp 127.0.0.1:55432: connect: connection refused"
time=2026-08-27T22:12:49.872-07:00 level=WARN msg="stream session ended" component=ingest camera="FS IPC201-2M-B" camera_id=b17c49f1-d5d4-4324-af16-a0e8db7115b2 sub=false err="dial tcp 10.0.25.13:554: connect: no route to host"
time=2026-08-27T22:12:49.872-07:00 level=DEBUG msg="status write" component=ingest camera="FS IPC201-2M-B" camera_id=b17c49f1-d5d4-4324-af16-a0e8db7115b2 err="failed to connect to `user=postgres database=tapetum`:\n\t[::1]:55432 (localhost): dial error: dial tcp [::1]:55432: connect: connection refused\n\t127.0.0.1:55432 (localhost): dial error: dial tcp 127.0.0.1:55432: connect: connection refused"
time=2026-08-27T22:12:53.479-07:00 level=DEBUG msg="status write" component=ingest camera="FS IPC201-2M-B" camera_id=b17c49f1-d5d4-4324-af16-a0e8db7115b2 err="failed to connect to `user=postgres database=tapetum`:\n\t[::1]:55432 (localhost): dial error: dial tcp [::1]:55432: connect: connection refused\n\t127.0.0.1:55432 (localhost): dial error: dial tcp 127.0.0.1:55432: connect: connection refused"
time=2026-08-27T22:12:53.479-07:00 level=DEBUG msg="status write" component=ingest camera="FS IPC201-2M-B" camera_id=72a399dc-9953-42dd-bffb-6b9601f8609c err="failed to connect to `user=postgres database=tapetum`:\n\t[::1]:55432 (localhost): dial error: dial tcp [::1]:55432: connect: connection refused\n\t127.0.0.1:55432 (localhost): dial error: dial tcp 127.0.0.1:55432: connect: connection refused"
time=2026-08-27T22:12:53.479-07:00 level=DEBUG msg="status write" component=ingest camera="FS IPC201-2M-B" camera_id=eac434a6-dcb7-463d-ac0c-97099fde966d err="failed to connect to `user=postgres database=tapetum`:\n\t[::1]:55432 (localhost): dial error: dial tcp [::1]:55432: connect: connection refused\n\t127.0.0.1:55432 (localhost): dial error: dial tcp 127.0.0.1:55432: connect: connection refused"
time=2026-08-27T22:12:53.479-07:00 level=DEBUG msg="status write" component=ingest camera="NONE IPC675LFW-AX4DUPKC-VG" camera_id=74fda5f9-d322-455d-b94b-c4566883a22f err="failed to connect to `user=postgres database=tapetum`:\n\t[::1]:55432 (localhost): dial error: dial tcp [::1]:55432: connect: connection refused\n\t127.0.0.1:55432 (localhost): dial error: dial tcp 127.0.0.1:55432: connect: connection refused"
time=2026-08-27T22:12:53.479-07:00 level=DEBUG msg="status write" component=ingest camera="FS IPC301-8M-B" camera_id=c3b3d81a-1f63-49f7-b7d9-e1ee37e680bb err="failed to connect to `user=postgres database=tapetum`:\n\t[::1]:55432 (localhost): dial error: dial tcp [::1]:55432: connect: connection refused\n\t127.0.0.1:55432 (localhost): dial error: dial tcp 127.0.0.1:55432: connect: connection refused"
time=2026-08-27T22:12:53.479-07:00 level=DEBUG msg="status write" component=ingest camera="FS IPC104-5M-B" camera_id=00fd4ac0-764b-471d-bd27-bde4a5cc1e9d err="failed to connect to `user=postgres database=tapetum`:\n\t[::1]:55432 (localhost): dial error: dial tcp [::1]:55432: connect: connection refused\n\t127.0.0.1:55432 (localhost): dial error: dial tcp 127.0.0.1:55432: connect: connection refused"
time=2026-08-27T22:12:53.479-07:00 level=DEBUG msg="status write" component=ingest camera=motion-cam camera_id=8d76ebce-90bc-41bd-abf8-991c22a24df5 err="failed to connect to `user=postgres database=tapetum`:\n\t[::1]:55432 (localhost): dial error: dial tcp [::1]:55432: connect: connection refused\n\t127.0.0.1:55432 (localhost): dial error: dial tcp 127.0.0.1:55432: connect: connection refused"
time=2026-08-27T22:12:53.479-07:00 level=DEBUG msg="status write" component=ingest camera="FS IPC201-2M-B" camera_id=dfde49ea-022e-4b7a-9ad7-acbbf5821553 err="failed to connect to `user=postgres database=tapetum`:\n\t[::1]:55432 (localhost): dial error: dial tcp [::1]:55432: connect: connection refused\n\t127.0.0.1:55432 (localhost): dial error: dial tcp 127.0.0.1:55432: connect: connection refused"
time=2026-08-27T22:12:53.479-07:00 level=DEBUG msg="status write" component=ingest camera="FS IPC201-2M-B" camera_id=658d17d0-cd36-4188-bdaf-484d0fa35806 err="failed to connect to `user=postgres database=tapetum`:\n\t[::1]:55432 (localhost): dial error: dial tcp [::1]:55432: connect: connection refused\n\t127.0.0.1:55432 (localhost): dial error: dial tcp 127.0.0.1:55432: connect: connection refused"
time=2026-08-27T22:12:54.125-07:00 level=DEBUG msg="detect session ended" component=detect camera=8d76ebce-90bc-41bd-abf8-991c22a24df5 err="sub-stream not live"
time=2026-08-27T22:12:54.723-07:00 level=WARN msg="stream session ended" component=ingest camera="FS IPC301-8M-B" camera_id=c3b3d81a-1f63-49f7-b7d9-e1ee37e680bb sub=true err="dial tcp 10.0.25.16:554: connect: no route to host"
time=2026-08-27T22:12:54.962-07:00 level=WARN msg="stream session ended" component=ingest camera="FS IPC201-2M-B" camera_id=72a399dc-9953-42dd-bffb-6b9601f8609c sub=false err="dial tcp 10.0.25.12:554: connect: no route to host"
time=2026-08-27T22:12:54.962-07:00 level=DEBUG msg="status write" component=ingest camera="FS IPC201-2M-B" camera_id=72a399dc-9953-42dd-bffb-6b9601f8609c err="failed to connect to `user=postgres database=tapetum`:\n\t[::1]:55432 (localhost): dial error: dial tcp [::1]:55432: connect: connection refused\n\t127.0.0.1:55432 (localhost): dial error: dial tcp 127.0.0.1:55432: connect: connection refused"
time=2026-08-27T22:12:55.143-07:00 level=WARN msg="stream session ended" component=ingest camera="FS IPC104-5M-B" camera_id=00fd4ac0-764b-471d-bd27-bde4a5cc1e9d sub=false err="dial tcp 10.0.25.88:554: connect: no route to host"
time=2026-08-27T22:12:55.143-07:00 level=DEBUG msg="status write" component=ingest camera="FS IPC104-5M-B" camera_id=00fd4ac0-764b-471d-bd27-bde4a5cc1e9d err="failed to connect to `user=postgres database=tapetum`:\n\t[::1]:55432 (localhost): dial error: dial tcp [::1]:55432: connect: connection refused\n\t127.0.0.1:55432 (localhost): dial error: dial tcp 127.0.0.1:55432: connect: connection refused"
time=2026-08-27T22:12:55.188-07:00 level=WARN msg="stream session ended" component=ingest camera="FS IPC201-2M-B" camera_id=dfde49ea-022e-4b7a-9ad7-acbbf5821553 sub=false err="dial tcp 10.0.25.15:554: connect: no route to host"
time=2026-08-27T22:12:55.188-07:00 level=DEBUG msg="status write" component=ingest camera="FS IPC201-2M-B" camera_id=dfde49ea-022e-4b7a-9ad7-acbbf5821553 err="failed to connect to `user=postgres database=tapetum`:\n\t[::1]:55432 (localhost): dial error: dial tcp [::1]:55432: connect: connection refused\n\t127.0.0.1:55432 (localhost): dial error: dial tcp 127.0.0.1:55432: connect: connection refused"
time=2026-08-27T22:12:55.241-07:00 level=WARN msg="stream session ended" component=ingest camera="FS IPC201-2M-B" camera_id=658d17d0-cd36-4188-bdaf-484d0fa35806 sub=false err="dial tcp 10.0.25.33:554: connect: no route to host"
time=2026-08-27T22:12:55.241-07:00 level=DEBUG msg="status write" component=ingest camera="FS IPC201-2M-B" camera_id=658d17d0-cd36-4188-bdaf-484d0fa35806 err="failed to connect to `user=postgres database=tapetum`:\n\t[::1]:55432 (localhost): dial error: dial tcp [::1]:55432: connect: connection refused\n\t127.0.0.1:55432 (localhost): dial error: dial tcp 127.0.0.1:55432: connect: connection refused"
time=2026-08-27T22:12:55.247-07:00 level=WARN msg="stream session ended" component=ingest camera="FS IPC301-8M-B" camera_id=c3b3d81a-1f63-49f7-b7d9-e1ee37e680bb sub=false err="dial tcp 10.0.25.16:554: connect: no route to host"
time=2026-08-27T22:12:55.247-07:00 level=DEBUG msg="status write" component=ingest camera="FS IPC301-8M-B" camera_id=c3b3d81a-1f63-49f7-b7d9-e1ee37e680bb err="failed to connect to `user=postgres database=tapetum`:\n\t[::1]:55432 (localhost): dial error: dial tcp [::1]:55432: connect: connection refused\n\t127.0.0.1:55432 (localhost): dial error: dial tcp 127.0.0.1:55432: connect: connection refused"
time=2026-08-27T22:12:55.467-07:00 level=WARN msg="stream session ended" component=ingest camera="NONE IPC675LFW-AX4DUPKC-VG" camera_id=74fda5f9-d322-455d-b94b-c4566883a22f sub=false err="dial tcp 10.0.25.89:554: connect: no route to host"
time=2026-08-27T22:12:55.467-07:00 level=DEBUG msg="status write" component=ingest camera="NONE IPC675LFW-AX4DUPKC-VG" camera_id=74fda5f9-d322-455d-b94b-c4566883a22f err="failed to connect to `user=postgres database=tapetum`:\n\t[::1]:55432 (localhost): dial error: dial tcp [::1]:55432: connect: connection refused\n\t127.0.0.1:55432 (localhost): dial error: dial tcp 127.0.0.1:55432: connect: connection refused"
time=2026-08-27T22:12:55.636-07:00 level=WARN msg="stream session ended" component=ingest camera="FS IPC201-2M-B" camera_id=eac434a6-dcb7-463d-ac0c-97099fde966d sub=false err="dial tcp 10.0.25.14:554: connect: no route to host"
time=2026-08-27T22:12:55.636-07:00 level=DEBUG msg="status write" component=ingest camera="FS IPC201-2M-B" camera_id=eac434a6-dcb7-463d-ac0c-97099fde966d err="failed to connect to `user=postgres database=tapetum`:\n\t[::1]:55432 (localhost): dial error: dial tcp [::1]:55432: connect: connection refused\n\t127.0.0.1:55432 (localhost): dial error: dial tcp 127.0.0.1:55432: connect: connection refused"
time=2026-08-27T22:12:55.818-07:00 level=WARN msg="stream session ended" component=ingest camera="FS IPC201-2M-B" camera_id=b17c49f1-d5d4-4324-af16-a0e8db7115b2 sub=false err="dial tcp 10.0.25.13:554: connect: no route to host"
time=2026-08-27T22:12:55.818-07:00 level=DEBUG msg="status write" component=ingest camera="FS IPC201-2M-B" camera_id=b17c49f1-d5d4-4324-af16-a0e8db7115b2 err="failed to connect to `user=postgres database=tapetum`:\n\t[::1]:55432 (localhost): dial error: dial tcp [::1]:55432: connect: connection refused\n\t127.0.0.1:55432 (localhost): dial error: dial tcp 127.0.0.1:55432: connect: connection refused"
time=2026-08-27T22:12:56.402-07:00 level=INFO msg="shutting down"
time=2026-08-27T22:12:56.402-07:00 level=DEBUG msg="status write" component=ingest camera="FS IPC201-2M-B" camera_id=658d17d0-cd36-4188-bdaf-484d0fa35806 err="closed pool"
time=2026-08-27T22:12:56.402-07:00 level=DEBUG msg="status write" component=ingest camera="FS IPC301-8M-B" camera_id=c3b3d81a-1f63-49f7-b7d9-e1ee37e680bb err="closed pool"
time=2026-08-27T22:12:56.402-07:00 level=DEBUG msg="status write" component=ingest camera="FS IPC201-2M-B" camera_id=72a399dc-9953-42dd-bffb-6b9601f8609c err="closed pool"
time=2026-08-27T22:12:56.402-07:00 level=DEBUG msg="status write" component=ingest camera="NONE IPC675LFW-AX4DUPKC-VG" camera_id=74fda5f9-d322-455d-b94b-c4566883a22f err="closed pool"
time=2026-08-27T22:12:56.402-07:00 level=DEBUG msg="status write" component=ingest camera="FS IPC104-5M-B" camera_id=00fd4ac0-764b-471d-bd27-bde4a5cc1e9d err="closed pool"
time=2026-08-27T22:12:56.402-07:00 level=DEBUG msg="status write" component=ingest camera="FS IPC201-2M-B" camera_id=eac434a6-dcb7-463d-ac0c-97099fde966d err="closed pool"
time=2026-08-27T22:12:56.402-07:00 level=DEBUG msg="status write" component=ingest camera="FS IPC201-2M-B" camera_id=b17c49f1-d5d4-4324-af16-a0e8db7115b2 err="closed pool"
time=2026-08-27T22:12:56.402-07:00 level=DEBUG msg="status write" component=ingest camera=motion-cam camera_id=8d76ebce-90bc-41bd-abf8-991c22a24df5 err="closed pool"
time=2026-08-27T22:12:56.402-07:00 level=DEBUG msg="status write" component=ingest camera="FS IPC201-2M-B" camera_id=dfde49ea-022e-4b7a-9ad7-acbbf5821553 err="closed pool"
                                                                                                                                                                                                                                                                                                                                                                                                                                                                                                                                                                                                                                                                                                                                                                                                                                                                                                                                                                                                                                                                                                                                                                                                                                                                                                                                                                                                                                                                                                                                                                                                                                                                                                                                                                                                                                                                                                                                                                                                                                                                                                                                                                                                                                                                                                                                                                                                                                                                                                                                                                                                                                                                                                                                                                                                                                                                                                                                                                                                                                                                                                                                                                                                                                                                                                                                                                                                                                                                                                                                                                                                                                                                                                                                                                                                                                                                                                                                                                                                                                                                                                                                                                                                                                                                                                                                                                                                                                                                                                                                                                                                                                                                                                                                                                                                                                                                                                                                                                                                                                                                                                                                                                                                                                                                                                                                                                                                                                                                                                                                                                                                                                                                                                                                                                                                                                                                                                                                                                                                                                                                                                                                                                                                                                                                                                                                                                                                                                                                                                                                                                                                                                                                                                                                                                                                                                                                                                                                                                                                                                                                                                                                                                                                                                                                                                                                                                                                                                                                                                                                                                                                                                                                                                                                                                                                                                                                                                                                                                                                                                                                                                                                                                                                                                                                                                                                                                                                                                                                                                                                                                                                                                                                                                                                                                                                                                                                                                                                                                                                                                                                                                                                                                                                                                                                                                                                                                                                                                                                                                                                                                                                                                                                                                                                                                                                                                                                                                                                                                                                                                                                                                                                                                                                                                                                                                                                                                                                                                                                                                                                                                                                                                                                                                                                                                                                                                                                                                                                                                                                                                                                                                                                                                                                                                                                                                                                                                                                                                                                                                                                                                                                                                                                                                                                                                                                                                                                                                                                                                                                                                                                                                                                                                                                                                                                                                                                                                                                                                                                                                                                                                                                                                                                                                                                                                                                                                                                                                                                                                                                                                                                                                                                                                                                                                                                                                                                                                                                                                                                                                                                                                                                                                                                                                                                                                                                                                                                                                                                                                                                                                                                                                                                                                                                                                                                                                                                                                                                                                                                                                                                                                                                                                                                                                                                                                                                                                                                                                                                                                                                                                                                                                                                                                                                                                                                                                                                                                                                                                                                                                                                                                                                                                                                                                                                                                                                                                                                                                                                                                                                                                                                                                                                                                                                                                                                                                                                                                                                                                                                                                                                                                                                                                                                                                                                                                                                                                                                                                                                                                                                                                                                                                                                                                                                                                                                                                                                                                                                                                                                                                                                                                                                                                                                                                                                                                                                                                                                                                                                                                                                                                                                                                                                                                                                                                                                                                                                                                                                                                                                                                                                                                                                                                                                                                                                                                                                                                                                                                                                                                                                                                                                                                                                                                                                                                                                                                                                                                                                                                                                                                                                                                                                                                                                                                                                                                                                                                                                                                                                                                                                                                                                                                                                                                                                                                                                                                                                                                                                                                                                                                                                                                                                                                                                                                                                                                                                                                                                                                                                                                                                                                                                                                                                                                                                                                                                                                                                                                                                                                                                                                                                                                                                                                                                                                                                                                                                                                                                                                                                                                                                                                                                                                                                                                                                                                                                                                                                                                                                                                                                                                                                                                                                                                                                                                                                                                                                                                                                                                                                                                                                                                                                                                                                                                                                                                                                                                                                                                                                                                                                                                                                                                                                                                                                                                                                                                                                                                                                                                                                                                                                                                                                                                                                                                                                                                                                                                                                                                                                                                                                                                                                                                                                                                                                                                                                                                                                                                                                                                                                                                                                                                                                                                                                                                                                                                                                                                                                                                                                                                                                                                                                                                                                                                                                                                                                                                                                                                                                                                                                                                                                                                                                                                                                                                                                                                                                                                                                                                                                                                                                                                                                                                                                                                                                                                                                                                                                                                                                                                                                                                                                                                                                                                                                                                                                                                                                                                                                                                                                                                                                                                                                                                                                                                                                                                                                                                                                                                                                                                                                                                                                                                                                                                                                                                                                                                                                                                                                                                                                                                                                                                                                                                                                                                                                                                                                                                                                                                                                                                                                                                                                                                                                                                                                                                                                                                                                                                                                                                                                                                                                                                                                                                                                                                                                                                                                                                                                                                                                                                                                                                                                                                                                                                                                                                                                                                                                                                                                                                                                                                                                                                                                                                                                                                                                                                                                                                                                                                                                                                                                                                                                                                                                                                                                                                                                                                                                                                                                                                                                                                                                                                                                                                                                                                                                                                                                                                                                                                                                                                                                                                                                                                                                                                                                                                                                                                                                                                                                                                                                                                                                                                                                                                                                                                                                                                                                                                                                                                                                                                                                                                                                                                                                                                                                                                                                                                                                                                                                                                                                                                                                                                                                                                                                                                                                                                                                                                                                                                                                                                                                                                                                                                                                                                                                                                                                                                                                                                                                                                                                                                                                                                                                                                                                                                                                                                                                                                                                                                                                                                                                                                                                                                                                                                                                                                                                                                                                                                                                                                                                                                                                                                                                                                                                                                                                                                                                                                                                                                                                                                                                                                                                                                                                                                                                                                                                                                                                                                                                                                                                                                                                                                                                                                                                                                                                                                                                                                                                                                                                                                                                                                                                                                                                                                                                                                                                                                                                                                                                                                                                                                                                                                                                                                                                                                                                                                                                                                                                                                                                                                                                                                                                                                                                                                                                                                                                                                                                                                                                                                                                                                                                                                                                                                                                                                                                                                                                                                                                                                                                                                                                                                                                                                                                                                                                                                                                                                                                                                                                                                                                                                                                                                                                                                                                                                                                                                                                                                                                                                                                                                                                                                                                                                                                                                                                                                                                                                                                                                                                                                                                                                                                                                                                                                                                                                                                                                                                                                                                                                                                                                                                                                                                                                                                                                                                                                                                                                                                                                                                                                                                                                                                                                                                                                                                                                                                                                                                                                                                                                                                                                                                                                                                                                                                                                                                                                                                                                                                                                                                                                                                                                                                                                                                                                                                                                                                                                                                                                                                                                                                                                                                                                                                                                                                                                                                                                                                                                                                                                                                                                                                                                                                                                                                                                                                                                                                                                                                                                                                                                                                                                                                                                                                                                                                                                                                                                                                                                                                                                                                                                                                                                                                                                                                                                                                                                                                                                                                                                                                                                                                                                                                                                                                                                                                                                                                                                                                                                                                                                                                                                                                                                                                                                                                                                                                                                                                                                                                                                                                                                                                                                                                                                                                                                                                                                                                                                                                                                                                                                                                                                                                                                                                                                                                                                                                                                                                                                                                                                                                                                                                                                                                                                                                                                                                                                                                                                                                                                                                                                                                                                                                                                                                                                                                                                                                                                                                                                                                                                                                                                                                                                                                                                                                                                                                                                                                                                                                                                                                                                                                                                                                                                                                                                                                                                                                                                                                                                                                                                                                                                                                                                                                                                                                                                                                                                                                                                                                                                                                                                                                                                                                                                                                                                                                                                                                                                                                                                                                                                                                                                                                                                                                                                                                                                                                                                                                                                                                                                                                                                                                                                                                                                                                                                                                                                                                                                                                                                                                                                                                                                                                                                                                                                                                                                                                                                                                                                                                                                                                                                                                                                                                                                                                                                                                                                                                                                                                                                                                                                                                                                                                                                                                                                                                                                                                                                                                                                                                                                                                                                                                                                                                                                                                                                                                                                                                                                                                                                                                                                                                                                                                                                                                                                                                                                                                                                                                                                                                                                                                                                                                                                                                                                                                                                                                                                                                                                                                                                                                                                                                                                                                                                                                                                                                                                                                                                                                                                                                                                                                                                                                                                                                                                                                                                                                                                                                                                                                                                                                                                                                                                                                                                                                                                                                                                                                                                                                                                                                                                                                                                                                                                                                                                                                                                                                                                                                                                                                                                                                                                                                                                                                                                                                                                                                                                                                                                                                                                                                                                                                                                                                                                                                                                                                                                                                                                                                                                                                                                                                                                                                                                                                                                                                                                                                                                                                                                                                                                                                                                                                                                                                                                                                                                                                                                                                                                                                                                                                                                                                                                                                                                                                                                                                                                                                                                                                                                                                                                                                                                                                                                                                                                                                                                                                                                                                                                                                                                                                                                                                                                                                                                                                                                                                                                                                                                                                                                                                                                                                                                                                                                                                                                                                                                                                                                                                                                                                                                                                                                                                                                                                                                                                                                                                                                                                                                                                                                                                                                                                                                                                                                                                                                                                                                                                                                                                                                                                                                                                                                                                                                                                                                                                                                                                                                                                                                                                                                                                                                                                                                                                                                                                                                                                                                                                                                                                                                                                                                                                                                                                                                                                                                                                                                                                                                                                                                                                                                                                                                                                                                                                                                                                                                                                                                                                                                                                                                                                                                                                                                                                                                                                                                                                                                                                                                                                                                                                                                                                                                                                                                                                                                                                                                                                                                                                                                                                                                                                                                                                                                                                                                                                                                                                                                                                                                                                                                                                                                                                                                                                                                                                                                                                                                                                                                                                                                                                                                                                                                                                                                                                                                                                                                                                                                                                                                                                                                                                                                                                                                                                                                                                                                                                                                                                                                                                                                                                                                                                                                                                                                                                                                                                                                                                                                                                                                                                                                                                                                                                                                                                                                                                                                                                                                                                                                                                                                                                                                                                                                                                                                                                                                                                                                                                                                                                                                                                                                                                                                                                                                                                                                                                                                                                                                                                                                                                                                                                                                                                                                                                                                                                                                                                                                                                                                                                                                                                                                                                                                                                                                                                                                                                                                                                                                                                                                                                                                                                                                                                                                                                                                                                                                                                                                                                                                                                                                                                                                                                                                                                                                                                                                                                                                                                                                                                                                                                                                                                                                                                                                                                                                                                                                                                                                                                                                                                                                                                                                                                                                                                                                                                                                                                                                                                                                                                                                                                                                                                                                                                                                                                                                                                                                                                                                                                                                                                                                                                                                                                                                                                                                                                                                                                                                                                                                                                                                                                                                                                                                                                                                                                                                                                                                                                                                                                                                                                                                                                                                                                                                                                                                                                                                                                                                                                                                                                                                                                                                                                                                                                                                                                                                                                                                                                                                                                                                                                                                                                                                                                                                                                                                                                                                                                                                                                                                                                                                                                                                                                                                                                                                                                                                                                                                                                                                                                                                                                                                                                                                                                                                                                                                                                                                                                                                                                                                                                                                                                                                                                                                                                                                                                                                                                                                                                                                                                                                                                                                                                                                                                                                                                                                                                                                                                                                                                                                                                                                                                                                                                                                                                                                                                                                                                                                                                                                                                                                                                                                                                                                                                                                                                                                                                                                                                                                                                                                                                                                                                                                                                                                                                                                                                                                                                                                                                                                                                                                                                                                                                                                                                                                                                                                                                                                                                                                                                                                                                                                                                                                                                                                                                                                                                                                                                                                                                                                                                                                                                                                                                                                                                                                                                                                                                                                                                                                                                                                                                                                                                                                                                                                                                                                                                                                                                                                                                                                                                                                                                                                                                                                                                                                                                                                                                                                                                                                                                                                                                                                                                                                                                                                                                                                                                                                                                                                                                                                                                                                                                                                                                                                                                                                                                                                                                                                                                                                                                                                                                                                                                                                                                                                                                                                                                                                                                                                                                                                                                                                                                                                                                                                                                                                                                                                                                                                                                                                                                                                                                                                                                                                                                                                                                                                                                                                                                                                                                                                                                                                                                                                                                                                                                                                                                                                                                                                                                                                                                                                                                                                                                                                                                                                                                                                                                                                                                                                                                                                                                                                                                                                                                                                                                                                                                                                                                                                                                                                                                                                                                                                                                                                                                                                                                                                                                                                                                                                                                                                                                                                                                                                                                                                                                                                                                                                                                                                                                                                                                                                                                                                                                                                                                                                                                                                                                                                                                                                                                                                                                                                                                                                                                                                                                                                                                                                                                                                                                                                                                                                                                                                                                                                                                                                                                                                                                                                                                                                                                                                                                                                                                                                                                                                                                                                                                                                                                                                                                                                                                                                                                                                                                                                                                                                                                                                                                                                                                                                                                                                                                                                                                                                                                                                                                                                                                                                                                                                                                                                                                                                                                                                                                                                                                                                                                                                                                                                                                                                                                                                                                                                                                                                                                                                                                                                                                                                                                                                                                                                                                                                                                                                                                                                                                                                                                                                                                                                                                                                                                                                                                                                                                                                                                                                                                                                                                                                                                                                                                                                                                                                                                                                                                                                                                                                                                                                                                                                                                                                                                                                                                                                                                                                                                                                                                                                                                                                                                                                                                                                                                                                                                                                                                                                                                                                                                                                                                                                                                                                                                                                                                                                                                                                                                                                                                                                                                                                                                                                                                                                                                                                                                                                                                                                                                                                                                                                                                                                                                                                                                                                                                                                                                                                                                                                                                                                                                                                                                                                                                                                                                                                                                                                                                                                                                                                                                                                                                                                                                                                                                                                                                                                                                                                                                                                                                                                                                                                                                                                                                                                                                                                                                                                                                                                                                                                                                                                                                                                                                                                                                                                                                                                                                                                                                                                                                                                                                                                                                                                                                                                                                                                                                                                                                                                                                                                                                                                                                                                                                                                                                                                                                                                                                                                                                                                                                                                                                                                                                                                                                                                                                                                                                                                                                                                                                                                                                                                                                                                                                                                                                                                                                                                                                                                                                                                                                                                                                                                                                                                                                                                                                                                                                                                                                                                                                                                                                                                                                                                                                                                                                                                                                                                                                                                                                                                                                                                                                                                                                                                                                                                                                                                                                                                                                                                                                                                                                                                                                                                                                                                                                                                                                                                                                                                                                                                                                                                                                                                                                                                                                                                                                                                                                                                                                                                                                                                                                                                                                                                                                                                                                                                                                                                                                                                                                                                                                                                                                                                                                                                                                                                                                                                                                                                                                                                                                                                                                                                                                                                                                                                                                                                                                                                                                                                                                                                                                                                                                                                                                                                                                                                                                                                                                                                                                                                                                                                                                                                                                                                                                                                                                                                                                                                                                                                                                                                                                                                                                                                                                                                                                                                                                                                                                                                                                                                                                                                                                                                                                                                                                                                                                                                                                                                                                                                                                                                                                                                                                                                                                                                                                                                                                                                                                                                                                                                                                                                                                                                                                                                                                                                                                                                                                                                                                                                                                                                                                                                                                                                                                                                                                                                                                                                                                                                                                                                                                                                                                                                                                                                                                                                                                                                                                                                                                                                                                                                                                                                                                                                                                                                                                                                                                                                                                                                                                                                                                                                                                                                                                                                                                                                                                                                                                                                                                                                                                                                                                                                                                                                                                                                                                                                                                                                                                                                                                                                                                                                                                                                                                                                                                                                                                                                                                                                                                                                                                                                                                                                                                                                                                                                                                                                                                                                                                                                                                                                                                                                                                                                                                                                                                                                                                                                                                                                                                                                                                                                                                                                                                                                                                                                                                                                                                                                                                                                                                                                                                                                                                                                                                                                                                                                                                                                                                                                                                                                                                                                                                                                                                                                                                                                                                                                                                                                                                                                                                                                                                                                                                                                                                                                                                                                                                                                                                                                                                                                                                                                                                                                                                                                                                                                                                                                                                                                                                                                                                                                                                                                                                                                                                                      time=2026-08-27T21:51:15.167-07:00 level=INFO msg="1 RTP packet lost"
time=2026-08-27T21:51:15.168-07:00 level=DEBUG msg="h264 decode err=invalid FU-A packet (non-starting)" component=ingest camera="NONE IPC675LFW-AX4DUPKC-VG" camera_id=74fda5f9-d322-455d-b94b-c4566883a22f
time=2026-08-27T21:51:15.391-07:00 level=DEBUG msg="detect session ended" component=detect camera=8d76ebce-90bc-41bd-abf8-991c22a24df5 err="sub-stream not live"
